Time,End,lat,lon,Phase C-A Avg Volts
24-10-2022 11:00:00,24-10-2022 11:00:00,9.848634400644745,-84.31491096137044,115.96
24-10-2022 11:00:00,24-10-2022 11:00:00,10.71553,-85.62812,118.80
24-10-2022 11:00:00,24-10-2022 11:00:00,09.95461,-85.03797,115.98
24-10-2022 12:00:00,24-10-2022 12:00:00,9.848634400644745,-84.31491096137044,116.64
24-10-2022 12:00:00,24-10-2022 12:00:00,10.71553,-85.62812,118.96
24-10-2022 12:00:00,24-10-2022 12:00:00,09.95461,-85.03797,116.70
24-10-2022 13:00:00,24-10-2022 13:00:00,9.848634400644745,-84.31491096137044,118.08
24-10-2022 13:00:00,24-10-2022 13:00:00,10.71553,-85.62812,120.06
24-10-2022 13:00:00,24-10-2022 13:00:00,09.95461,-85.03797,117.04
24-10-2022 13:00:00,24-10-2022 13:00:00,09.99357,-85.28716,122.60
24-10-2022 14:00:00,24-10-2022 14:00:00,9.848634400644745,-84.31491096137044,117.54
24-10-2022 14:00:00,24-10-2022 14:00:00,10.71553,-85.62812,119.96
24-10-2022 14:00:00,24-10-2022 14:00:00,09.95461,-85.03797,115.90
24-10-2022 14:00:00,24-10-2022 14:00:00,09.99357,-85.28716,123.82
24-10-2022 15:00:00,24-10-2022 15:00:00,9.848634400644745,-84.31491096137044,117.60
24-10-2022 15:00:00,24-10-2022 15:00:00,10.71553,-85.62812,120.36
24-10-2022 15:00:00,24-10-2022 15:00:00,09.95461,-85.03797,117.96
24-10-2022 15:00:00,24-10-2022 15:00:00,09.99357,-85.28716,122.84
24-10-2022 16:00:00,24-10-2022 16:00:00,9.848634400644745,-84.31491096137044,118.08
24-10-2022 16:00:00,24-10-2022 16:00:00,10.71553,-85.62812,120.40
24-10-2022 16:00:00,24-10-2022 16:00:00,09.95461,-85.03797,117.92
24-10-2022 16:00:00,24-10-2022 16:00:00,09.99357,-85.28716,123.00
24-10-2022 17:00:00,24-10-2022 17:00:00,9.848634400644745,-84.31491096137044,118.68
24-10-2022 17:00:00,24-10-2022 17:00:00,10.71553,-85.62812,120.96
24-10-2022 17:00:00,24-10-2022 17:00:00,09.95461,-85.03797,118.12
24-10-2022 17:00:00,24-10-2022 17:00:00,09.99357,-85.28716,123.88
24-10-2022 18:00:00,24-10-2022 18:00:00,9.848634400644745,-84.31491096137044,117.94
24-10-2022 18:00:00,24-10-2022 18:00:00,10.71553,-85.62812,120.08
24-10-2022 18:00:00,24-10-2022 18:00:00,09.95461,-85.03797,114.58
24-10-2022 18:00:00,24-10-2022 18:00:00,09.99357,-85.28716,123.40
24-10-2022 19:00:00,24-10-2022 19:00:00,9.848634400644745,-84.31491096137044,116.38
24-10-2022 19:00:00,24-10-2022 19:00:00,10.71553,-85.62812,119.88
24-10-2022 19:00:00,24-10-2022 19:00:00,09.95461,-85.03797,118.18
24-10-2022 19:00:00,24-10-2022 19:00:00,09.99357,-85.28716,122.72
24-10-2022 20:00:00,24-10-2022 20:00:00,9.848634400644745,-84.31491096137044,118.04
24-10-2022 20:00:00,24-10-2022 20:00:00,10.71553,-85.62812,120.22
24-10-2022 20:00:00,24-10-2022 20:00:00,09.95461,-85.03797,118.26
24-10-2022 20:00:00,24-10-2022 20:00:00,09.99357,-85.28716,123.38
24-10-2022 21:00:00,24-10-2022 21:00:00,9.848634400644745,-84.31491096137044,118.98
24-10-2022 21:00:00,24-10-2022 21:00:00,10.71553,-85.62812,120.68
24-10-2022 21:00:00,24-10-2022 21:00:00,09.95461,-85.03797,119.90
24-10-2022 21:00:00,24-10-2022 21:00:00,09.99357,-85.28716,122.76
24-10-2022 22:00:00,24-10-2022 22:00:00,9.848634400644745,-84.31491096137044,118.22
24-10-2022 22:00:00,24-10-2022 22:00:00,10.71553,-85.62812,119.62
24-10-2022 22:00:00,24-10-2022 22:00:00,09.95461,-85.03797,118.52
24-10-2022 22:00:00,24-10-2022 22:00:00,09.99357,-85.28716,124.24
24-10-2022 23:00:00,24-10-2022 23:00:00,9.848634400644745,-84.31491096137044,119.24
24-10-2022 23:00:00,24-10-2022 23:00:00,10.71553,-85.62812,120.34
24-10-2022 23:00:00,24-10-2022 23:00:00,09.95461,-85.03797,119.30
24-10-2022 23:00:00,24-10-2022 23:00:00,09.99357,-85.28716,123.80
25-10-2022 00:00:00,25-10-2022 00:00:00,9.848634400644745,-84.31491096137044,119.34
25-10-2022 00:00:00,25-10-2022 00:00:00,10.71553,-85.62812,120.64
25-10-2022 00:00:00,25-10-2022 00:00:00,09.95461,-85.03797,119.50
25-10-2022 00:00:00,25-10-2022 00:00:00,09.99357,-85.28716,124.30
25-10-2022 01:00:00,25-10-2022 01:00:00,9.848634400644745,-84.31491096137044,119.64
25-10-2022 01:00:00,25-10-2022 01:00:00,10.71553,-85.62812,121.00
25-10-2022 01:00:00,25-10-2022 01:00:00,09.95461,-85.03797,119.32
25-10-2022 01:00:00,25-10-2022 01:00:00,09.99357,-85.28716,123.84
25-10-2022 02:00:00,25-10-2022 02:00:00,9.848634400644745,-84.31491096137044,120.62
25-10-2022 02:00:00,25-10-2022 02:00:00,10.71553,-85.62812,121.38
25-10-2022 02:00:00,25-10-2022 02:00:00,09.95461,-85.03797,120.18
25-10-2022 02:00:00,25-10-2022 02:00:00,09.99357,-85.28716,125.40
25-10-2022 03:00:00,25-10-2022 03:00:00,9.848634400644745,-84.31491096137044,120.40
25-10-2022 03:00:00,25-10-2022 03:00:00,10.71553,-85.62812,121.34
25-10-2022 03:00:00,25-10-2022 03:00:00,09.95461,-85.03797,120.28
25-10-2022 03:00:00,25-10-2022 03:00:00,09.99357,-85.28716,125.10
25-10-2022 04:00:00,25-10-2022 04:00:00,9.848634400644745,-84.31491096137044,120.04
25-10-2022 04:00:00,25-10-2022 04:00:00,10.71553,-85.62812,121.08
25-10-2022 04:00:00,25-10-2022 04:00:00,09.95461,-85.03797,119.76
25-10-2022 04:00:00,25-10-2022 04:00:00,09.99357,-85.28716,125.16
25-10-2022 05:00:00,25-10-2022 05:00:00,9.848634400644745,-84.31491096137044,119.66
25-10-2022 05:00:00,25-10-2022 05:00:00,10.71553,-85.62812,119.88
25-10-2022 05:00:00,25-10-2022 05:00:00,09.95461,-85.03797,119.44
25-10-2022 05:00:00,25-10-2022 05:00:00,09.99357,-85.28716,124.90
25-10-2022 06:00:00,25-10-2022 06:00:00,9.848634400644745,-84.31491096137044,115.60
25-10-2022 06:00:00,25-10-2022 06:00:00,10.71553,-85.62812,119.82
25-10-2022 06:00:00,25-10-2022 06:00:00,09.95461,-85.03797,117.90
25-10-2022 07:00:00,25-10-2022 07:00:00,9.848634400644745,-84.31491096137044,118.42
25-10-2022 07:00:00,25-10-2022 07:00:00,10.71553,-85.62812,120.06
25-10-2022 07:00:00,25-10-2022 07:00:00,09.95461,-85.03797,117.14
25-10-2022 07:00:00,25-10-2022 07:00:00,09.99357,-85.28716,123.66
25-10-2022 08:00:00,25-10-2022 08:00:00,9.848634400644745,-84.31491096137044,117.64
25-10-2022 08:00:00,25-10-2022 08:00:00,10.71553,-85.62812,119.22
25-10-2022 08:00:00,25-10-2022 08:00:00,09.95461,-85.03797,113.62
25-10-2022 08:00:00,25-10-2022 08:00:00,09.99357,-85.28716,123.04
25-10-2022 09:00:00,25-10-2022 09:00:00,9.848634400644745,-84.31491096137044,118.84
25-10-2022 09:00:00,25-10-2022 09:00:00,10.71553,-85.62812,120.24
25-10-2022 09:00:00,25-10-2022 09:00:00,09.95461,-85.03797,117.72
25-10-2022 09:00:00,25-10-2022 09:00:00,09.99357,-85.28716,122.26
25-10-2022 10:00:00,25-10-2022 10:00:00,9.848634400644745,-84.31491096137044,117.20
25-10-2022 10:00:00,25-10-2022 10:00:00,10.71553,-85.62812,119.74
25-10-2022 10:00:00,25-10-2022 10:00:00,09.95461,-85.03797,117.22
25-10-2022 10:00:00,25-10-2022 10:00:00,09.99357,-85.28716,121.88
25-10-2022 11:00:00,25-10-2022 11:00:00,9.848634400644745,-84.31491096137044,114.94
25-10-2022 11:00:00,25-10-2022 11:00:00,10.71553,-85.62812,120.20
25-10-2022 11:00:00,25-10-2022 11:00:00,09.95461,-85.03797,118.08
25-10-2022 11:00:00,25-10-2022 11:00:00,09.99357,-85.28716,120.18
25-10-2022 12:00:00,25-10-2022 12:00:00,9.848634400644745,-84.31491096137044,118.20
25-10-2022 12:00:00,25-10-2022 12:00:00,10.71553,-85.62812,119.26
25-10-2022 12:00:00,25-10-2022 12:00:00,09.95461,-85.03797,117.00
25-10-2022 12:00:00,25-10-2022 12:00:00,09.99357,-85.28716,121.40
25-10-2022 13:00:00,25-10-2022 13:00:00,9.848634400644745,-84.31491096137044,116.78
25-10-2022 13:00:00,25-10-2022 13:00:00,10.71553,-85.62812,119.46
25-10-2022 13:00:00,25-10-2022 13:00:00,09.95461,-85.03797,118.10
25-10-2022 13:00:00,25-10-2022 13:00:00,09.99357,-85.28716,121.86
25-10-2022 14:00:00,25-10-2022 14:00:00,9.848634400644745,-84.31491096137044,118.30
25-10-2022 14:00:00,25-10-2022 14:00:00,10.71553,-85.62812,119.90
25-10-2022 14:00:00,25-10-2022 14:00:00,09.95461,-85.03797,117.10
25-10-2022 14:00:00,25-10-2022 14:00:00,09.99357,-85.28716,123.20
25-10-2022 15:00:00,25-10-2022 15:00:00,9.848634400644745,-84.31491096137044,119.22
25-10-2022 15:00:00,25-10-2022 15:00:00,10.71553,-85.62812,120.24
25-10-2022 15:00:00,25-10-2022 15:00:00,09.95461,-85.03797,118.14
25-10-2022 15:00:00,25-10-2022 15:00:00,09.99357,-85.28716,122.40
25-10-2022 16:00:00,25-10-2022 16:00:00,9.848634400644745,-84.31491096137044,119.08
25-10-2022 16:00:00,25-10-2022 16:00:00,10.71553,-85.62812,120.26
25-10-2022 16:00:00,25-10-2022 16:00:00,09.95461,-85.03797,118.62
25-10-2022 16:00:00,25-10-2022 16:00:00,09.99357,-85.28716,122.84
25-10-2022 17:00:00,25-10-2022 17:00:00,9.848634400644745,-84.31491096137044,118.26
25-10-2022 17:00:00,25-10-2022 17:00:00,10.71553,-85.62812,120.58
25-10-2022 17:00:00,25-10-2022 17:00:00,09.95461,-85.03797,118.34
25-10-2022 17:00:00,25-10-2022 17:00:00,09.99357,-85.28716,123.32
25-10-2022 18:00:00,25-10-2022 18:00:00,9.848634400644745,-84.31491096137044,117.22
25-10-2022 18:00:00,25-10-2022 18:00:00,10.71553,-85.62812,119.76
25-10-2022 18:00:00,25-10-2022 18:00:00,09.95461,-85.03797,117.80
25-10-2022 18:00:00,25-10-2022 18:00:00,09.99357,-85.28716,122.14
25-10-2022 19:00:00,25-10-2022 19:00:00,9.848634400644745,-84.31491096137044,117.20
25-10-2022 19:00:00,25-10-2022 19:00:00,10.71553,-85.62812,120.00
25-10-2022 19:00:00,25-10-2022 19:00:00,09.95461,-85.03797,117.86
25-10-2022 19:00:00,25-10-2022 19:00:00,09.99357,-85.28716,122.98
25-10-2022 20:00:00,25-10-2022 20:00:00,9.848634400644745,-84.31491096137044,118.60
25-10-2022 20:00:00,25-10-2022 20:00:00,10.71553,-85.62812,120.10
25-10-2022 20:00:00,25-10-2022 20:00:00,09.95461,-85.03797,118.48
25-10-2022 20:00:00,25-10-2022 20:00:00,09.99357,-85.28716,122.94
25-10-2022 21:00:00,25-10-2022 21:00:00,9.848634400644745,-84.31491096137044,118.92
25-10-2022 21:00:00,25-10-2022 21:00:00,10.71553,-85.62812,120.56
25-10-2022 21:00:00,25-10-2022 21:00:00,09.95461,-85.03797,119.28
25-10-2022 21:00:00,25-10-2022 21:00:00,09.99357,-85.28716,123.44
25-10-2022 22:00:00,25-10-2022 22:00:00,9.848634400644745,-84.31491096137044,119.48
25-10-2022 22:00:00,25-10-2022 22:00:00,10.71553,-85.62812,120.72
25-10-2022 22:00:00,25-10-2022 22:00:00,09.95461,-85.03797,120.00
25-10-2022 22:00:00,25-10-2022 22:00:00,09.99357,-85.28716,124.40
25-10-2022 23:00:00,25-10-2022 23:00:00,9.848634400644745,-84.31491096137044,119.36
25-10-2022 23:00:00,25-10-2022 23:00:00,10.71553,-85.62812,120.26
25-10-2022 23:00:00,25-10-2022 23:00:00,09.95461,-85.03797,119.42
25-10-2022 23:00:00,25-10-2022 23:00:00,09.99357,-85.28716,124.04
26-10-2022 00:00:00,26-10-2022 00:00:00,9.848634400644745,-84.31491096137044,119.42
26-10-2022 00:00:00,26-10-2022 00:00:00,10.71553,-85.62812,120.82
26-10-2022 00:00:00,26-10-2022 00:00:00,09.95461,-85.03797,119.20
26-10-2022 00:00:00,26-10-2022 00:00:00,09.99357,-85.28716,124.86
26-10-2022 01:00:00,26-10-2022 01:00:00,9.848634400644745,-84.31491096137044,119.72
26-10-2022 01:00:00,26-10-2022 01:00:00,10.71553,-85.62812,121.10
26-10-2022 01:00:00,26-10-2022 01:00:00,09.95461,-85.03797,119.74
26-10-2022 01:00:00,26-10-2022 01:00:00,09.99357,-85.28716,124.46
26-10-2022 02:00:00,26-10-2022 02:00:00,9.848634400644745,-84.31491096137044,120.46
26-10-2022 02:00:00,26-10-2022 02:00:00,10.71553,-85.62812,121.36
26-10-2022 02:00:00,26-10-2022 02:00:00,09.95461,-85.03797,119.74
26-10-2022 02:00:00,26-10-2022 02:00:00,09.99357,-85.28716,124.94
26-10-2022 03:00:00,26-10-2022 03:00:00,9.848634400644745,-84.31491096137044,120.18
26-10-2022 03:00:00,26-10-2022 03:00:00,10.71553,-85.62812,121.38
26-10-2022 03:00:00,26-10-2022 03:00:00,09.95461,-85.03797,120.24
26-10-2022 03:00:00,26-10-2022 03:00:00,09.99357,-85.28716,124.50
26-10-2022 04:00:00,26-10-2022 04:00:00,9.848634400644745,-84.31491096137044,119.98
26-10-2022 04:00:00,26-10-2022 04:00:00,10.71553,-85.62812,121.14
26-10-2022 04:00:00,26-10-2022 04:00:00,09.95461,-85.03797,120.06
26-10-2022 04:00:00,26-10-2022 04:00:00,09.99357,-85.28716,124.36
26-10-2022 05:00:00,26-10-2022 05:00:00,9.848634400644745,-84.31491096137044,119.84
26-10-2022 05:00:00,26-10-2022 05:00:00,10.71553,-85.62812,120.22
26-10-2022 05:00:00,26-10-2022 05:00:00,09.95461,-85.03797,118.82
26-10-2022 05:00:00,26-10-2022 05:00:00,09.99357,-85.28716,124.20
26-10-2022 06:00:00,26-10-2022 06:00:00,9.848634400644745,-84.31491096137044,116.12
26-10-2022 06:00:00,26-10-2022 06:00:00,10.71553,-85.62812,120.40
26-10-2022 06:00:00,26-10-2022 06:00:00,09.95461,-85.03797,118.42
26-10-2022 06:00:00,26-10-2022 06:00:00,09.99357,-85.28716,121.08
26-10-2022 07:00:00,26-10-2022 07:00:00,9.848634400644745,-84.31491096137044,117.16
26-10-2022 07:00:00,26-10-2022 07:00:00,10.71553,-85.62812,119.72
26-10-2022 07:00:00,26-10-2022 07:00:00,09.95461,-85.03797,117.40
26-10-2022 07:00:00,26-10-2022 07:00:00,09.99357,-85.28716,120.86
26-10-2022 08:00:00,26-10-2022 08:00:00,9.848634400644745,-84.31491096137044,116.34
26-10-2022 08:00:00,26-10-2022 08:00:00,10.71553,-85.62812,118.66
26-10-2022 08:00:00,26-10-2022 08:00:00,09.95461,-85.03797,116.88
26-10-2022 08:00:00,26-10-2022 08:00:00,09.99357,-85.28716,121.36
26-10-2022 09:00:00,26-10-2022 09:00:00,9.848634400644745,-84.31491096137044,114.54
26-10-2022 09:00:00,26-10-2022 09:00:00,10.71553,-85.62812,119.38
26-10-2022 09:00:00,26-10-2022 09:00:00,09.95461,-85.03797,116.60
26-10-2022 09:00:00,26-10-2022 09:00:00,09.99357,-85.28716,121.90
26-10-2022 10:00:00,26-10-2022 10:00:00,9.848634400644745,-84.31491096137044,118.80
26-10-2022 10:00:00,26-10-2022 10:00:00,10.71553,-85.62812,119.12
26-10-2022 10:00:00,26-10-2022 10:00:00,09.95461,-85.03797,117.12
26-10-2022 10:00:00,26-10-2022 10:00:00,09.99357,-85.28716,121.00
26-10-2022 11:00:00,26-10-2022 11:00:00,9.848634400644745,-84.31491096137044,115.50
26-10-2022 11:00:00,26-10-2022 11:00:00,10.71553,-85.62812,119.50
26-10-2022 11:00:00,26-10-2022 11:00:00,09.95461,-85.03797,117.52
26-10-2022 11:00:00,26-10-2022 11:00:00,09.99357,-85.28716,121.64
26-10-2022 12:00:00,26-10-2022 12:00:00,9.848634400644745,-84.31491096137044,116.58
26-10-2022 12:00:00,26-10-2022 12:00:00,10.71553,-85.62812,119.36
26-10-2022 12:00:00,26-10-2022 12:00:00,09.95461,-85.03797,116.82
26-10-2022 12:00:00,26-10-2022 12:00:00,09.99357,-85.28716,122.38
26-10-2022 13:00:00,26-10-2022 13:00:00,9.848634400644745,-84.31491096137044,117.94
26-10-2022 13:00:00,26-10-2022 13:00:00,10.71553,-85.62812,119.74
26-10-2022 13:00:00,26-10-2022 13:00:00,09.95461,-85.03797,117.80
26-10-2022 13:00:00,26-10-2022 13:00:00,09.99357,-85.28716,122.66
26-10-2022 14:00:00,26-10-2022 14:00:00,9.848634400644745,-84.31491096137044,119.32
26-10-2022 14:00:00,26-10-2022 14:00:00,10.71553,-85.62812,119.28
26-10-2022 14:00:00,26-10-2022 14:00:00,09.95461,-85.03797,117.80
26-10-2022 14:00:00,26-10-2022 14:00:00,09.99357,-85.28716,122.52
26-10-2022 15:00:00,26-10-2022 15:00:00,9.848634400644745,-84.31491096137044,117.70
26-10-2022 15:00:00,26-10-2022 15:00:00,10.71553,-85.62812,119.52
26-10-2022 15:00:00,26-10-2022 15:00:00,09.95461,-85.03797,116.06
26-10-2022 15:00:00,26-10-2022 15:00:00,09.99357,-85.28716,122.30
26-10-2022 16:00:00,26-10-2022 16:00:00,9.848634400644745,-84.31491096137044,118.44
26-10-2022 16:00:00,26-10-2022 16:00:00,10.71553,-85.62812,119.98
26-10-2022 16:00:00,26-10-2022 16:00:00,09.95461,-85.03797,118.38
26-10-2022 16:00:00,26-10-2022 16:00:00,09.99357,-85.28716,121.32
26-10-2022 17:00:00,26-10-2022 17:00:00,9.848634400644745,-84.31491096137044,118.62
26-10-2022 17:00:00,26-10-2022 17:00:00,10.71553,-85.62812,120.54
26-10-2022 17:00:00,26-10-2022 17:00:00,09.95461,-85.03797,117.88
26-10-2022 17:00:00,26-10-2022 17:00:00,09.99357,-85.28716,123.26
26-10-2022 18:00:00,26-10-2022 18:00:00,9.848634400644745,-84.31491096137044,116.18
26-10-2022 18:00:00,26-10-2022 18:00:00,10.71553,-85.62812,119.50
26-10-2022 18:00:00,26-10-2022 18:00:00,09.95461,-85.03797,117.58
26-10-2022 18:00:00,26-10-2022 18:00:00,09.99357,-85.28716,123.96
26-10-2022 19:00:00,26-10-2022 19:00:00,9.848634400644745,-84.31491096137044,117.46
26-10-2022 19:00:00,26-10-2022 19:00:00,10.71553,-85.62812,119.98
26-10-2022 19:00:00,26-10-2022 19:00:00,09.95461,-85.03797,117.70
26-10-2022 19:00:00,26-10-2022 19:00:00,09.99357,-85.28716,121.20
26-10-2022 20:00:00,26-10-2022 20:00:00,9.848634400644745,-84.31491096137044,117.60
26-10-2022 20:00:00,26-10-2022 20:00:00,10.71553,-85.62812,120.60
26-10-2022 20:00:00,26-10-2022 20:00:00,09.95461,-85.03797,117.30
26-10-2022 20:00:00,26-10-2022 20:00:00,09.99357,-85.28716,123.42
26-10-2022 21:00:00,26-10-2022 21:00:00,9.848634400644745,-84.31491096137044,117.40
26-10-2022 21:00:00,26-10-2022 21:00:00,10.71553,-85.62812,120.18
26-10-2022 21:00:00,26-10-2022 21:00:00,09.95461,-85.03797,118.30
26-10-2022 21:00:00,26-10-2022 21:00:00,09.99357,-85.28716,122.88
26-10-2022 22:00:00,26-10-2022 22:00:00,9.848634400644745,-84.31491096137044,119.04
26-10-2022 22:00:00,26-10-2022 22:00:00,10.71553,-85.62812,120.58
26-10-2022 22:00:00,26-10-2022 22:00:00,09.95461,-85.03797,119.70
26-10-2022 22:00:00,26-10-2022 22:00:00,09.99357,-85.28716,124.58
26-10-2022 23:00:00,26-10-2022 23:00:00,9.848634400644745,-84.31491096137044,118.98
26-10-2022 23:00:00,26-10-2022 23:00:00,10.71553,-85.62812,119.74
26-10-2022 23:00:00,26-10-2022 23:00:00,09.95461,-85.03797,117.94
26-10-2022 23:00:00,26-10-2022 23:00:00,09.99357,-85.28716,123.20
27-10-2022 00:00:00,27-10-2022 00:00:00,9.848634400644745,-84.31491096137044,119.18
27-10-2022 00:00:00,27-10-2022 00:00:00,10.71553,-85.62812,120.12
27-10-2022 00:00:00,27-10-2022 00:00:00,09.95461,-85.03797,119.00
27-10-2022 00:00:00,27-10-2022 00:00:00,09.99357,-85.28716,124.48
27-10-2022 01:00:00,27-10-2022 01:00:00,9.848634400644745,-84.31491096137044,119.46
27-10-2022 01:00:00,27-10-2022 01:00:00,10.71553,-85.62812,120.52
27-10-2022 01:00:00,27-10-2022 01:00:00,09.95461,-85.03797,119.42
27-10-2022 01:00:00,27-10-2022 01:00:00,09.99357,-85.28716,125.22
27-10-2022 02:00:00,27-10-2022 02:00:00,9.848634400644745,-84.31491096137044,119.68
27-10-2022 02:00:00,27-10-2022 02:00:00,10.71553,-85.62812,120.58
27-10-2022 02:00:00,27-10-2022 02:00:00,09.95461,-85.03797,119.96
27-10-2022 02:00:00,27-10-2022 02:00:00,09.99357,-85.28716,124.10
27-10-2022 03:00:00,27-10-2022 03:00:00,9.848634400644745,-84.31491096137044,119.54
27-10-2022 03:00:00,27-10-2022 03:00:00,10.71553,-85.62812,120.58
27-10-2022 03:00:00,27-10-2022 03:00:00,09.95461,-85.03797,119.88
27-10-2022 03:00:00,27-10-2022 03:00:00,09.99357,-85.28716,123.90
27-10-2022 04:00:00,27-10-2022 04:00:00,9.848634400644745,-84.31491096137044,119.76
27-10-2022 04:00:00,27-10-2022 04:00:00,10.71553,-85.62812,120.52
27-10-2022 04:00:00,27-10-2022 04:00:00,09.95461,-85.03797,119.28
27-10-2022 04:00:00,27-10-2022 04:00:00,09.99357,-85.28716,123.84
27-10-2022 05:00:00,27-10-2022 05:00:00,9.848634400644745,-84.31491096137044,119.54
27-10-2022 05:00:00,27-10-2022 05:00:00,10.71553,-85.62812,120.38
27-10-2022 05:00:00,27-10-2022 05:00:00,09.95461,-85.03797,117.88
27-10-2022 05:00:00,27-10-2022 05:00:00,09.99357,-85.28716,123.84
27-10-2022 06:00:00,27-10-2022 06:00:00,9.848634400644745,-84.31491096137044,113.40
27-10-2022 06:00:00,27-10-2022 06:00:00,10.71553,-85.62812,119.08
27-10-2022 06:00:00,27-10-2022 06:00:00,09.95461,-85.03797,118.24
27-10-2022 06:00:00,27-10-2022 06:00:00,09.99357,-85.28716,121.18
27-10-2022 07:00:00,27-10-2022 07:00:00,9.848634400644745,-84.31491096137044,117.40
27-10-2022 07:00:00,27-10-2022 07:00:00,10.71553,-85.62812,119.08
27-10-2022 07:00:00,27-10-2022 07:00:00,09.95461,-85.03797,114.96
27-10-2022 07:00:00,27-10-2022 07:00:00,09.99357,-85.28716,123.20
27-10-2022 08:00:00,27-10-2022 08:00:00,9.848634400644745,-84.31491096137044,116.96
27-10-2022 08:00:00,27-10-2022 08:00:00,10.71553,-85.62812,118.72
27-10-2022 08:00:00,27-10-2022 08:00:00,09.95461,-85.03797,117.86
27-10-2022 08:00:00,27-10-2022 08:00:00,09.99357,-85.28716,122.42
27-10-2022 09:00:00,27-10-2022 09:00:00,9.848634400644745,-84.31491096137044,116.12
27-10-2022 09:00:00,27-10-2022 09:00:00,10.71553,-85.62812,120.22
27-10-2022 09:00:00,27-10-2022 09:00:00,09.95461,-85.03797,117.90
27-10-2022 09:00:00,27-10-2022 09:00:00,09.99357,-85.28716,123.18
27-10-2022 10:00:00,27-10-2022 10:00:00,9.848634400644745,-84.31491096137044,117.88
27-10-2022 10:00:00,27-10-2022 10:00:00,10.71553,-85.62812,120.00
27-10-2022 10:00:00,27-10-2022 10:00:00,09.95461,-85.03797,117.64
27-10-2022 10:00:00,27-10-2022 10:00:00,09.99357,-85.28716,123.50
27-10-2022 11:00:00,27-10-2022 11:00:00,9.848634400644745,-84.31491096137044,117.36
27-10-2022 11:00:00,27-10-2022 11:00:00,10.71553,-85.62812,118.84
27-10-2022 11:00:00,27-10-2022 11:00:00,09.95461,-85.03797,116.00
27-10-2022 11:00:00,27-10-2022 11:00:00,09.99357,-85.28716,121.96
27-10-2022 12:00:00,27-10-2022 12:00:00,9.848634400644745,-84.31491096137044,118.12
27-10-2022 12:00:00,27-10-2022 12:00:00,10.71553,-85.62812,119.36
27-10-2022 12:00:00,27-10-2022 12:00:00,09.95461,-85.03797,118.02
27-10-2022 12:00:00,27-10-2022 12:00:00,09.99357,-85.28716,121.12
27-10-2022 13:00:00,27-10-2022 13:00:00,9.848634400644745,-84.31491096137044,118.22
27-10-2022 13:00:00,27-10-2022 13:00:00,10.71553,-85.62812,120.02
27-10-2022 13:00:00,27-10-2022 13:00:00,09.95461,-85.03797,117.70
27-10-2022 13:00:00,27-10-2022 13:00:00,09.99357,-85.28716,122.88
27-10-2022 14:00:00,27-10-2022 14:00:00,9.848634400644745,-84.31491096137044,118.68
27-10-2022 14:00:00,27-10-2022 14:00:00,10.71553,-85.62812,120.34
27-10-2022 14:00:00,27-10-2022 14:00:00,09.95461,-85.03797,118.74
27-10-2022 14:00:00,27-10-2022 14:00:00,09.99357,-85.28716,123.70
27-10-2022 15:00:00,27-10-2022 15:00:00,9.848634400644745,-84.31491096137044,119.08
27-10-2022 15:00:00,27-10-2022 15:00:00,10.71553,-85.62812,120.76
27-10-2022 15:00:00,27-10-2022 15:00:00,09.95461,-85.03797,119.60
27-10-2022 15:00:00,27-10-2022 15:00:00,09.99357,-85.28716,124.22
27-10-2022 16:00:00,27-10-2022 16:00:00,9.848634400644745,-84.31491096137044,118.10
27-10-2022 16:00:00,27-10-2022 16:00:00,10.71553,-85.62812,120.86
27-10-2022 16:00:00,27-10-2022 16:00:00,09.95461,-85.03797,118.56
27-10-2022 16:00:00,27-10-2022 16:00:00,09.99357,-85.28716,124.40
27-10-2022 17:00:00,27-10-2022 17:00:00,9.848634400644745,-84.31491096137044,120.08
27-10-2022 17:00:00,27-10-2022 17:00:00,10.71553,-85.62812,121.22
27-10-2022 17:00:00,27-10-2022 17:00:00,09.95461,-85.03797,119.50
27-10-2022 17:00:00,27-10-2022 17:00:00,09.99357,-85.28716,123.64
27-10-2022 18:00:00,27-10-2022 18:00:00,9.848634400644745,-84.31491096137044,116.98
27-10-2022 18:00:00,27-10-2022 18:00:00,10.71553,-85.62812,119.94
27-10-2022 18:00:00,27-10-2022 18:00:00,09.95461,-85.03797,117.80
27-10-2022 18:00:00,27-10-2022 18:00:00,09.99357,-85.28716,123.82
27-10-2022 19:00:00,27-10-2022 19:00:00,9.848634400644745,-84.31491096137044,116.98
27-10-2022 19:00:00,27-10-2022 19:00:00,10.71553,-85.62812,119.84
27-10-2022 19:00:00,27-10-2022 19:00:00,09.95461,-85.03797,117.88
27-10-2022 19:00:00,27-10-2022 19:00:00,09.99357,-85.28716,122.80
27-10-2022 20:00:00,27-10-2022 20:00:00,9.848634400644745,-84.31491096137044,117.78
27-10-2022 20:00:00,27-10-2022 20:00:00,10.71553,-85.62812,120.46
27-10-2022 20:00:00,27-10-2022 20:00:00,09.95461,-85.03797,118.38
27-10-2022 20:00:00,27-10-2022 20:00:00,09.99357,-85.28716,123.16
27-10-2022 21:00:00,27-10-2022 21:00:00,9.848634400644745,-84.31491096137044,118.90
27-10-2022 21:00:00,27-10-2022 21:00:00,10.71553,-85.62812,120.06
27-10-2022 21:00:00,27-10-2022 21:00:00,09.95461,-85.03797,118.42
27-10-2022 21:00:00,27-10-2022 21:00:00,09.99357,-85.28716,123.32
27-10-2022 22:00:00,27-10-2022 22:00:00,9.848634400644745,-84.31491096137044,119.56
27-10-2022 22:00:00,27-10-2022 22:00:00,10.71553,-85.62812,120.46
27-10-2022 22:00:00,27-10-2022 22:00:00,09.95461,-85.03797,119.22
27-10-2022 22:00:00,27-10-2022 22:00:00,09.99357,-85.28716,123.24
27-10-2022 23:00:00,27-10-2022 23:00:00,9.848634400644745,-84.31491096137044,120.58
27-10-2022 23:00:00,27-10-2022 23:00:00,10.71553,-85.62812,121.30
27-10-2022 23:00:00,27-10-2022 23:00:00,09.95461,-85.03797,119.82
27-10-2022 23:00:00,27-10-2022 23:00:00,09.99357,-85.28716,123.54
28-10-2022 00:00:00,28-10-2022 00:00:00,9.848634400644745,-84.31491096137044,119.18
28-10-2022 00:00:00,28-10-2022 00:00:00,10.71553,-85.62812,119.84
28-10-2022 00:00:00,28-10-2022 00:00:00,09.95461,-85.03797,118.98
28-10-2022 00:00:00,28-10-2022 00:00:00,09.99357,-85.28716,123.84
28-10-2022 01:00:00,28-10-2022 01:00:00,9.848634400644745,-84.31491096137044,119.58
28-10-2022 01:00:00,28-10-2022 01:00:00,10.71553,-85.62812,120.34
28-10-2022 01:00:00,28-10-2022 01:00:00,09.95461,-85.03797,119.32
28-10-2022 01:00:00,28-10-2022 01:00:00,09.99357,-85.28716,124.34
28-10-2022 02:00:00,28-10-2022 02:00:00,9.848634400644745,-84.31491096137044,120.14
28-10-2022 02:00:00,28-10-2022 02:00:00,10.71553,-85.62812,120.54
28-10-2022 02:00:00,28-10-2022 02:00:00,09.95461,-85.03797,119.20
28-10-2022 02:00:00,28-10-2022 02:00:00,09.99357,-85.28716,124.56
28-10-2022 03:00:00,28-10-2022 03:00:00,9.848634400644745,-84.31491096137044,119.88
28-10-2022 03:00:00,28-10-2022 03:00:00,10.71553,-85.62812,120.32
28-10-2022 03:00:00,28-10-2022 03:00:00,09.95461,-85.03797,119.68
28-10-2022 03:00:00,28-10-2022 03:00:00,09.99357,-85.28716,124.40
28-10-2022 04:00:00,28-10-2022 04:00:00,9.848634400644745,-84.31491096137044,120.08
28-10-2022 04:00:00,28-10-2022 04:00:00,10.71553,-85.62812,120.42
28-10-2022 04:00:00,28-10-2022 04:00:00,09.95461,-85.03797,119.06
28-10-2022 04:00:00,28-10-2022 04:00:00,09.99357,-85.28716,124.26
28-10-2022 05:00:00,28-10-2022 05:00:00,9.848634400644745,-84.31491096137044,119.14
28-10-2022 05:00:00,28-10-2022 05:00:00,10.71553,-85.62812,118.90
28-10-2022 05:00:00,28-10-2022 05:00:00,09.95461,-85.03797,118.04
28-10-2022 05:00:00,28-10-2022 05:00:00,09.99357,-85.28716,123.82
28-10-2022 06:00:00,28-10-2022 06:00:00,9.848634400644745,-84.31491096137044,117.76
28-10-2022 06:00:00,28-10-2022 06:00:00,10.71553,-85.62812,120.38
28-10-2022 06:00:00,28-10-2022 06:00:00,09.95461,-85.03797,119.08
28-10-2022 06:00:00,28-10-2022 06:00:00,09.99357,-85.28716,121.14
28-10-2022 07:00:00,28-10-2022 07:00:00,9.848634400644745,-84.31491096137044,118.88
28-10-2022 07:00:00,28-10-2022 07:00:00,10.71553,-85.62812,120.58
28-10-2022 07:00:00,28-10-2022 07:00:00,09.95461,-85.03797,118.50
28-10-2022 07:00:00,28-10-2022 07:00:00,09.99357,-85.28716,121.90
28-10-2022 08:00:00,28-10-2022 08:00:00,9.848634400644745,-84.31491096137044,117.72
28-10-2022 08:00:00,28-10-2022 08:00:00,10.71553,-85.62812,119.74
28-10-2022 08:00:00,28-10-2022 08:00:00,09.95461,-85.03797,116.70
28-10-2022 08:00:00,28-10-2022 08:00:00,09.99357,-85.28716,123.30
28-10-2022 09:00:00,28-10-2022 09:00:00,9.848634400644745,-84.31491096137044,116.78
28-10-2022 09:00:00,28-10-2022 09:00:00,10.71553,-85.62812,119.40
28-10-2022 09:00:00,28-10-2022 09:00:00,09.95461,-85.03797,116.64
28-10-2022 09:00:00,28-10-2022 09:00:00,09.99357,-85.28716,123.84
28-10-2022 10:00:00,28-10-2022 10:00:00,9.848634400644745,-84.31491096137044,117.22
28-10-2022 10:00:00,28-10-2022 10:00:00,10.71553,-85.62812,119.82
28-10-2022 10:00:00,28-10-2022 10:00:00,09.95461,-85.03797,117.66
28-10-2022 10:00:00,28-10-2022 10:00:00,09.99357,-85.28716,123.38
28-10-2022 11:00:00,28-10-2022 11:00:00,9.848634400644745,-84.31491096137044,116.14
28-10-2022 11:00:00,28-10-2022 11:00:00,10.71553,-85.62812,119.18
28-10-2022 11:00:00,28-10-2022 11:00:00,09.95461,-85.03797,114.60
28-10-2022 11:00:00,28-10-2022 11:00:00,09.99357,-85.28716,122.28
28-10-2022 12:00:00,28-10-2022 12:00:00,9.848634400644745,-84.31491096137044,117.50
28-10-2022 12:00:00,28-10-2022 12:00:00,10.71553,-85.62812,119.48
28-10-2022 12:00:00,28-10-2022 12:00:00,09.95461,-85.03797,117.60
28-10-2022 12:00:00,28-10-2022 12:00:00,09.99357,-85.28716,122.40
28-10-2022 13:00:00,28-10-2022 13:00:00,9.848634400644745,-84.31491096137044,117.62
28-10-2022 13:00:00,28-10-2022 13:00:00,10.71553,-85.62812,120.24
28-10-2022 13:00:00,28-10-2022 13:00:00,09.95461,-85.03797,116.88
28-10-2022 13:00:00,28-10-2022 13:00:00,09.99357,-85.28716,122.08
28-10-2022 14:00:00,28-10-2022 14:00:00,9.848634400644745,-84.31491096137044,117.60
28-10-2022 14:00:00,28-10-2022 14:00:00,10.71553,-85.62812,120.44
28-10-2022 14:00:00,28-10-2022 14:00:00,09.95461,-85.03797,117.62
28-10-2022 14:00:00,28-10-2022 14:00:00,09.99357,-85.28716,122.94
28-10-2022 15:00:00,28-10-2022 15:00:00,9.848634400644745,-84.31491096137044,119.34
28-10-2022 15:00:00,28-10-2022 15:00:00,10.71553,-85.62812,120.68
28-10-2022 15:00:00,28-10-2022 15:00:00,09.95461,-85.03797,118.02
28-10-2022 15:00:00,28-10-2022 15:00:00,09.99357,-85.28716,123.90
28-10-2022 16:00:00,28-10-2022 16:00:00,9.848634400644745,-84.31491096137044,119.64
28-10-2022 16:00:00,28-10-2022 16:00:00,10.71553,-85.62812,121.52
28-10-2022 16:00:00,28-10-2022 16:00:00,09.95461,-85.03797,118.82
28-10-2022 16:00:00,28-10-2022 16:00:00,09.99357,-85.28716,124.70
28-10-2022 17:00:00,28-10-2022 17:00:00,9.848634400644745,-84.31491096137044,118.00
28-10-2022 17:00:00,28-10-2022 17:00:00,10.71553,-85.62812,120.22
28-10-2022 17:00:00,28-10-2022 17:00:00,09.95461,-85.03797,118.34
28-10-2022 17:00:00,28-10-2022 17:00:00,09.99357,-85.28716,124.48
28-10-2022 18:00:00,28-10-2022 18:00:00,9.848634400644745,-84.31491096137044,116.08
28-10-2022 18:00:00,28-10-2022 18:00:00,10.71553,-85.62812,119.56
28-10-2022 18:00:00,28-10-2022 18:00:00,09.95461,-85.03797,115.84
28-10-2022 18:00:00,28-10-2022 18:00:00,09.99357,-85.28716,123.86
28-10-2022 19:00:00,28-10-2022 19:00:00,9.848634400644745,-84.31491096137044,116.24
28-10-2022 19:00:00,28-10-2022 19:00:00,10.71553,-85.62812,119.44
28-10-2022 19:00:00,28-10-2022 19:00:00,09.95461,-85.03797,116.76
28-10-2022 19:00:00,28-10-2022 19:00:00,09.99357,-85.28716,122.16
28-10-2022 20:00:00,28-10-2022 20:00:00,9.848634400644745,-84.31491096137044,116.98
28-10-2022 20:00:00,28-10-2022 20:00:00,10.71553,-85.62812,119.30
28-10-2022 20:00:00,28-10-2022 20:00:00,09.95461,-85.03797,116.98
28-10-2022 20:00:00,28-10-2022 20:00:00,09.99357,-85.28716,124.16
28-10-2022 21:00:00,28-10-2022 21:00:00,9.848634400644745,-84.31491096137044,118.68
28-10-2022 21:00:00,28-10-2022 21:00:00,10.71553,-85.62812,120.62
28-10-2022 21:00:00,28-10-2022 21:00:00,09.95461,-85.03797,119.32
28-10-2022 21:00:00,28-10-2022 21:00:00,09.99357,-85.28716,124.86
28-10-2022 22:00:00,28-10-2022 22:00:00,9.848634400644745,-84.31491096137044,117.36
28-10-2022 22:00:00,28-10-2022 22:00:00,10.71553,-85.62812,119.04
28-10-2022 22:00:00,28-10-2022 22:00:00,09.95461,-85.03797,117.20
28-10-2022 22:00:00,28-10-2022 22:00:00,09.99357,-85.28716,122.38
28-10-2022 23:00:00,28-10-2022 23:00:00,9.848634400644745,-84.31491096137044,118.06
28-10-2022 23:00:00,28-10-2022 23:00:00,10.71553,-85.62812,119.70
28-10-2022 23:00:00,28-10-2022 23:00:00,09.95461,-85.03797,118.30
28-10-2022 23:00:00,28-10-2022 23:00:00,09.99357,-85.28716,122.98
29-10-2022 00:00:00,29-10-2022 00:00:00,9.848634400644745,-84.31491096137044,119.04
29-10-2022 00:00:00,29-10-2022 00:00:00,10.71553,-85.62812,119.96
29-10-2022 00:00:00,29-10-2022 00:00:00,09.95461,-85.03797,118.92
29-10-2022 00:00:00,29-10-2022 00:00:00,09.99357,-85.28716,123.62
29-10-2022 01:00:00,29-10-2022 01:00:00,9.848634400644745,-84.31491096137044,119.36
29-10-2022 01:00:00,29-10-2022 01:00:00,10.71553,-85.62812,120.26
29-10-2022 01:00:00,29-10-2022 01:00:00,09.95461,-85.03797,118.92
29-10-2022 01:00:00,29-10-2022 01:00:00,09.99357,-85.28716,124.14
29-10-2022 02:00:00,29-10-2022 02:00:00,9.848634400644745,-84.31491096137044,119.36
29-10-2022 02:00:00,29-10-2022 02:00:00,10.71553,-85.62812,120.52
29-10-2022 02:00:00,29-10-2022 02:00:00,09.95461,-85.03797,119.46
29-10-2022 02:00:00,29-10-2022 02:00:00,09.99357,-85.28716,124.44
29-10-2022 03:00:00,29-10-2022 03:00:00,9.848634400644745,-84.31491096137044,119.68
29-10-2022 03:00:00,29-10-2022 03:00:00,10.71553,-85.62812,120.74
29-10-2022 03:00:00,29-10-2022 03:00:00,09.95461,-85.03797,119.64
29-10-2022 03:00:00,29-10-2022 03:00:00,09.99357,-85.28716,124.90
29-10-2022 04:00:00,29-10-2022 04:00:00,9.848634400644745,-84.31491096137044,119.32
29-10-2022 04:00:00,29-10-2022 04:00:00,10.71553,-85.62812,120.60
29-10-2022 04:00:00,29-10-2022 04:00:00,09.95461,-85.03797,119.34
29-10-2022 04:00:00,29-10-2022 04:00:00,09.99357,-85.28716,124.52
29-10-2022 05:00:00,29-10-2022 05:00:00,9.848634400644745,-84.31491096137044,119.16
29-10-2022 05:00:00,29-10-2022 05:00:00,10.71553,-85.62812,120.26
29-10-2022 05:00:00,29-10-2022 05:00:00,09.95461,-85.03797,119.02
29-10-2022 05:00:00,29-10-2022 05:00:00,09.99357,-85.28716,124.64
29-10-2022 06:00:00,29-10-2022 06:00:00,9.848634400644745,-84.31491096137044,119.16
29-10-2022 06:00:00,29-10-2022 06:00:00,10.71553,-85.62812,120.58
29-10-2022 06:00:00,29-10-2022 06:00:00,09.95461,-85.03797,119.22
29-10-2022 06:00:00,29-10-2022 06:00:00,09.99357,-85.28716,123.10
29-10-2022 07:00:00,29-10-2022 07:00:00,9.848634400644745,-84.31491096137044,116.42
29-10-2022 07:00:00,29-10-2022 07:00:00,10.71553,-85.62812,119.14
29-10-2022 07:00:00,29-10-2022 07:00:00,09.95461,-85.03797,118.58
29-10-2022 07:00:00,29-10-2022 07:00:00,09.99357,-85.28716,122.86
29-10-2022 08:00:00,29-10-2022 08:00:00,9.848634400644745,-84.31491096137044,117.98
29-10-2022 08:00:00,29-10-2022 08:00:00,10.71553,-85.62812,120.32
29-10-2022 08:00:00,29-10-2022 08:00:00,09.95461,-85.03797,117.00
29-10-2022 08:00:00,29-10-2022 08:00:00,09.99357,-85.28716,121.48
29-10-2022 09:00:00,29-10-2022 09:00:00,9.848634400644745,-84.31491096137044,117.18
29-10-2022 09:00:00,29-10-2022 09:00:00,10.71553,-85.62812,119.54
29-10-2022 09:00:00,29-10-2022 09:00:00,09.95461,-85.03797,115.94
29-10-2022 09:00:00,29-10-2022 09:00:00,09.99357,-85.28716,123.50
29-10-2022 10:00:00,29-10-2022 10:00:00,9.848634400644745,-84.31491096137044,116.64
29-10-2022 10:00:00,29-10-2022 10:00:00,10.71553,-85.62812,119.52
29-10-2022 10:00:00,29-10-2022 10:00:00,09.95461,-85.03797,115.86
29-10-2022 10:00:00,29-10-2022 10:00:00,09.99357,-85.28716,122.50
29-10-2022 11:00:00,29-10-2022 11:00:00,10.71553,-85.62812,119.44
29-10-2022 11:00:00,29-10-2022 11:00:00,09.95461,-85.03797,114.36
29-10-2022 11:00:00,29-10-2022 11:00:00,09.99357,-85.28716,122.38
29-10-2022 12:00:00,29-10-2022 12:00:00,9.848634400644745,-84.31491096137044,116.72
29-10-2022 12:00:00,29-10-2022 12:00:00,10.71553,-85.62812,119.64
29-10-2022 12:00:00,29-10-2022 12:00:00,09.95461,-85.03797,115.28
29-10-2022 12:00:00,29-10-2022 12:00:00,09.99357,-85.28716,121.68
29-10-2022 13:00:00,29-10-2022 13:00:00,9.848634400644745,-84.31491096137044,116.12
29-10-2022 13:00:00,29-10-2022 13:00:00,10.71553,-85.62812,120.16
29-10-2022 13:00:00,29-10-2022 13:00:00,09.95461,-85.03797,117.70
29-10-2022 13:00:00,29-10-2022 13:00:00,09.99357,-85.28716,121.46
29-10-2022 14:00:00,29-10-2022 14:00:00,9.848634400644745,-84.31491096137044,117.30
29-10-2022 14:00:00,29-10-2022 14:00:00,10.71553,-85.62812,120.48
29-10-2022 14:00:00,29-10-2022 14:00:00,09.95461,-85.03797,119.08
29-10-2022 14:00:00,29-10-2022 14:00:00,09.99357,-85.28716,123.42
29-10-2022 15:00:00,29-10-2022 15:00:00,9.848634400644745,-84.31491096137044,120.22
29-10-2022 15:00:00,29-10-2022 15:00:00,10.71553,-85.62812,120.24
29-10-2022 15:00:00,29-10-2022 15:00:00,09.95461,-85.03797,117.20
29-10-2022 15:00:00,29-10-2022 15:00:00,09.99357,-85.28716,123.60
29-10-2022 16:00:00,29-10-2022 16:00:00,9.848634400644745,-84.31491096137044,117.92
29-10-2022 16:00:00,29-10-2022 16:00:00,10.71553,-85.62812,120.74
29-10-2022 16:00:00,29-10-2022 16:00:00,09.95461,-85.03797,118.76
29-10-2022 16:00:00,29-10-2022 16:00:00,09.99357,-85.28716,123.94
29-10-2022 17:00:00,29-10-2022 17:00:00,9.848634400644745,-84.31491096137044,119.16
29-10-2022 17:00:00,29-10-2022 17:00:00,10.71553,-85.62812,120.90
29-10-2022 17:00:00,29-10-2022 17:00:00,09.95461,-85.03797,117.74
29-10-2022 17:00:00,29-10-2022 17:00:00,09.99357,-85.28716,124.78
29-10-2022 18:00:00,29-10-2022 18:00:00,9.848634400644745,-84.31491096137044,115.34
29-10-2022 18:00:00,29-10-2022 18:00:00,10.71553,-85.62812,118.86
29-10-2022 18:00:00,29-10-2022 18:00:00,09.95461,-85.03797,117.18
29-10-2022 18:00:00,29-10-2022 18:00:00,09.99357,-85.28716,123.00
29-10-2022 19:00:00,29-10-2022 19:00:00,9.848634400644745,-84.31491096137044,113.36
29-10-2022 19:00:00,29-10-2022 19:00:00,10.71553,-85.62812,119.18
29-10-2022 19:00:00,29-10-2022 19:00:00,09.95461,-85.03797,117.22
29-10-2022 19:00:00,29-10-2022 19:00:00,09.99357,-85.28716,122.60
29-10-2022 20:00:00,29-10-2022 20:00:00,9.848634400644745,-84.31491096137044,118.28
29-10-2022 20:00:00,29-10-2022 20:00:00,10.71553,-85.62812,119.70
29-10-2022 20:00:00,29-10-2022 20:00:00,09.95461,-85.03797,118.04
29-10-2022 20:00:00,29-10-2022 20:00:00,09.99357,-85.28716,121.94
29-10-2022 21:00:00,29-10-2022 21:00:00,9.848634400644745,-84.31491096137044,118.78
29-10-2022 21:00:00,29-10-2022 21:00:00,10.71553,-85.62812,120.20
29-10-2022 21:00:00,29-10-2022 21:00:00,09.95461,-85.03797,118.68
29-10-2022 21:00:00,29-10-2022 21:00:00,09.99357,-85.28716,122.62
29-10-2022 22:00:00,29-10-2022 22:00:00,9.848634400644745,-84.31491096137044,119.18
29-10-2022 22:00:00,29-10-2022 22:00:00,10.71553,-85.62812,120.62
29-10-2022 22:00:00,29-10-2022 22:00:00,09.95461,-85.03797,119.30
29-10-2022 22:00:00,29-10-2022 22:00:00,09.99357,-85.28716,123.84
29-10-2022 23:00:00,29-10-2022 23:00:00,9.848634400644745,-84.31491096137044,119.66
29-10-2022 23:00:00,29-10-2022 23:00:00,10.71553,-85.62812,120.84
29-10-2022 23:00:00,29-10-2022 23:00:00,09.95461,-85.03797,119.16
29-10-2022 23:00:00,29-10-2022 23:00:00,09.99357,-85.28716,123.02
30-10-2022 00:00:00,30-10-2022 00:00:00,9.848634400644745,-84.31491096137044,120.08
30-10-2022 00:00:00,30-10-2022 00:00:00,10.71553,-85.62812,121.32
30-10-2022 00:00:00,30-10-2022 00:00:00,09.95461,-85.03797,120.12
30-10-2022 00:00:00,30-10-2022 00:00:00,09.99357,-85.28716,123.96
30-10-2022 01:00:00,30-10-2022 01:00:00,9.848634400644745,-84.31491096137044,119.88
30-10-2022 01:00:00,30-10-2022 01:00:00,10.71553,-85.62812,121.08
30-10-2022 01:00:00,30-10-2022 01:00:00,09.95461,-85.03797,119.96
30-10-2022 01:00:00,30-10-2022 01:00:00,09.99357,-85.28716,123.56
30-10-2022 02:00:00,30-10-2022 02:00:00,9.848634400644745,-84.31491096137044,120.28
30-10-2022 02:00:00,30-10-2022 02:00:00,10.71553,-85.62812,121.34
30-10-2022 02:00:00,30-10-2022 02:00:00,09.95461,-85.03797,119.92
30-10-2022 02:00:00,30-10-2022 02:00:00,09.99357,-85.28716,124.22
30-10-2022 03:00:00,30-10-2022 03:00:00,9.848634400644745,-84.31491096137044,120.48
30-10-2022 03:00:00,30-10-2022 03:00:00,10.71553,-85.62812,121.44
30-10-2022 03:00:00,30-10-2022 03:00:00,09.95461,-85.03797,120.62
30-10-2022 03:00:00,30-10-2022 03:00:00,09.99357,-85.28716,124.28
30-10-2022 04:00:00,30-10-2022 04:00:00,9.848634400644745,-84.31491096137044,119.46
30-10-2022 04:00:00,30-10-2022 04:00:00,10.71553,-85.62812,120.58
30-10-2022 04:00:00,30-10-2022 04:00:00,09.95461,-85.03797,119.56
30-10-2022 04:00:00,30-10-2022 04:00:00,09.99357,-85.28716,124.24
30-10-2022 05:00:00,30-10-2022 05:00:00,9.848634400644745,-84.31491096137044,119.68
30-10-2022 05:00:00,30-10-2022 05:00:00,10.71553,-85.62812,120.48
30-10-2022 05:00:00,30-10-2022 05:00:00,09.95461,-85.03797,118.70
30-10-2022 05:00:00,30-10-2022 05:00:00,09.99357,-85.28716,124.38
30-10-2022 06:00:00,30-10-2022 06:00:00,9.848634400644745,-84.31491096137044,120.48
30-10-2022 06:00:00,30-10-2022 06:00:00,10.71553,-85.62812,121.00
30-10-2022 06:00:00,30-10-2022 06:00:00,09.95461,-85.03797,119.96
30-10-2022 06:00:00,30-10-2022 06:00:00,09.99357,-85.28716,124.36
30-10-2022 07:00:00,30-10-2022 07:00:00,9.848634400644745,-84.31491096137044,118.54
30-10-2022 07:00:00,30-10-2022 07:00:00,10.71553,-85.62812,120.10
30-10-2022 07:00:00,30-10-2022 07:00:00,09.95461,-85.03797,116.70
30-10-2022 07:00:00,30-10-2022 07:00:00,09.99357,-85.28716,123.52
30-10-2022 08:00:00,30-10-2022 08:00:00,9.848634400644745,-84.31491096137044,117.42
30-10-2022 08:00:00,30-10-2022 08:00:00,10.71553,-85.62812,118.94
30-10-2022 08:00:00,30-10-2022 08:00:00,09.95461,-85.03797,116.80
30-10-2022 08:00:00,30-10-2022 08:00:00,09.99357,-85.28716,122.16
30-10-2022 09:00:00,30-10-2022 09:00:00,9.848634400644745,-84.31491096137044,117.08
30-10-2022 09:00:00,30-10-2022 09:00:00,10.71553,-85.62812,119.12
30-10-2022 09:00:00,30-10-2022 09:00:00,09.95461,-85.03797,115.82
30-10-2022 09:00:00,30-10-2022 09:00:00,09.99357,-85.28716,123.92
30-10-2022 10:00:00,30-10-2022 10:00:00,9.848634400644745,-84.31491096137044,113.54
30-10-2022 10:00:00,30-10-2022 10:00:00,10.71553,-85.62812,118.70
30-10-2022 10:00:00,30-10-2022 10:00:00,09.95461,-85.03797,117.10
30-10-2022 10:00:00,30-10-2022 10:00:00,09.99357,-85.28716,123.16
30-10-2022 11:00:00,30-10-2022 11:00:00,9.848634400644745,-84.31491096137044,118.68
30-10-2022 11:00:00,30-10-2022 11:00:00,10.71553,-85.62812,118.12
30-10-2022 11:00:00,30-10-2022 11:00:00,09.95461,-85.03797,116.90
30-10-2022 11:00:00,30-10-2022 11:00:00,09.99357,-85.28716,122.28
30-10-2022 12:00:00,30-10-2022 12:00:00,9.848634400644745,-84.31491096137044,116.96
30-10-2022 12:00:00,30-10-2022 12:00:00,10.71553,-85.62812,120.04
30-10-2022 12:00:00,30-10-2022 12:00:00,09.95461,-85.03797,118.04
30-10-2022 12:00:00,30-10-2022 12:00:00,09.99357,-85.28716,123.66
30-10-2022 13:00:00,30-10-2022 13:00:00,9.848634400644745,-84.31491096137044,115.58
30-10-2022 13:00:00,30-10-2022 13:00:00,10.71553,-85.62812,120.50
30-10-2022 13:00:00,30-10-2022 13:00:00,09.95461,-85.03797,117.82
30-10-2022 13:00:00,30-10-2022 13:00:00,09.99357,-85.28716,122.44
30-10-2022 14:00:00,30-10-2022 14:00:00,9.848634400644745,-84.31491096137044,119.40
30-10-2022 14:00:00,30-10-2022 14:00:00,10.71553,-85.62812,121.08
30-10-2022 14:00:00,30-10-2022 14:00:00,09.95461,-85.03797,118.80
30-10-2022 14:00:00,30-10-2022 14:00:00,09.99357,-85.28716,122.50
30-10-2022 15:00:00,30-10-2022 15:00:00,9.848634400644745,-84.31491096137044,120.34
30-10-2022 15:00:00,30-10-2022 15:00:00,10.71553,-85.62812,121.70
30-10-2022 15:00:00,30-10-2022 15:00:00,09.95461,-85.03797,119.38
30-10-2022 15:00:00,30-10-2022 15:00:00,09.99357,-85.28716,123.66
30-10-2022 16:00:00,30-10-2022 16:00:00,9.848634400644745,-84.31491096137044,120.34
30-10-2022 16:00:00,30-10-2022 16:00:00,10.71553,-85.62812,121.32
30-10-2022 16:00:00,30-10-2022 16:00:00,09.95461,-85.03797,120.14
30-10-2022 16:00:00,30-10-2022 16:00:00,09.99357,-85.28716,125.00
30-10-2022 17:00:00,30-10-2022 17:00:00,9.848634400644745,-84.31491096137044,119.92
30-10-2022 17:00:00,30-10-2022 17:00:00,10.71553,-85.62812,120.94
30-10-2022 17:00:00,30-10-2022 17:00:00,09.95461,-85.03797,118.98
30-10-2022 17:00:00,30-10-2022 17:00:00,09.99357,-85.28716,124.02
30-10-2022 18:00:00,30-10-2022 18:00:00,9.848634400644745,-84.31491096137044,118.04
30-10-2022 18:00:00,30-10-2022 18:00:00,10.71553,-85.62812,119.74
30-10-2022 18:00:00,30-10-2022 18:00:00,09.95461,-85.03797,118.38
30-10-2022 18:00:00,30-10-2022 18:00:00,09.99357,-85.28716,122.10
30-10-2022 19:00:00,30-10-2022 19:00:00,9.848634400644745,-84.31491096137044,115.96
30-10-2022 19:00:00,30-10-2022 19:00:00,10.71553,-85.62812,120.38
30-10-2022 19:00:00,30-10-2022 19:00:00,09.95461,-85.03797,119.22
30-10-2022 19:00:00,30-10-2022 19:00:00,09.99357,-85.28716,123.02
30-10-2022 20:00:00,30-10-2022 20:00:00,9.848634400644745,-84.31491096137044,117.40
30-10-2022 20:00:00,30-10-2022 20:00:00,10.71553,-85.62812,118.78
30-10-2022 20:00:00,30-10-2022 20:00:00,09.95461,-85.03797,117.52
30-10-2022 20:00:00,30-10-2022 20:00:00,09.99357,-85.28716,123.74
30-10-2022 21:00:00,30-10-2022 21:00:00,9.848634400644745,-84.31491096137044,117.70
30-10-2022 21:00:00,30-10-2022 21:00:00,10.71553,-85.62812,119.58
30-10-2022 21:00:00,30-10-2022 21:00:00,09.95461,-85.03797,118.52
30-10-2022 21:00:00,30-10-2022 21:00:00,09.99357,-85.28716,122.92
30-10-2022 22:00:00,30-10-2022 22:00:00,9.848634400644745,-84.31491096137044,119.22
30-10-2022 22:00:00,30-10-2022 22:00:00,10.71553,-85.62812,120.48
30-10-2022 22:00:00,30-10-2022 22:00:00,09.95461,-85.03797,119.36
30-10-2022 22:00:00,30-10-2022 22:00:00,09.99357,-85.28716,121.12
30-10-2022 23:00:00,30-10-2022 23:00:00,9.848634400644745,-84.31491096137044,119.10
30-10-2022 23:00:00,30-10-2022 23:00:00,10.71553,-85.62812,120.12
30-10-2022 23:00:00,30-10-2022 23:00:00,09.95461,-85.03797,118.98
30-10-2022 23:00:00,30-10-2022 23:00:00,09.99357,-85.28716,122.92
31-10-2022 00:00:00,31-10-2022 00:00:00,9.848634400644745,-84.31491096137044,119.14
31-10-2022 00:00:00,31-10-2022 00:00:00,10.71553,-85.62812,120.28
31-10-2022 00:00:00,31-10-2022 00:00:00,09.95461,-85.03797,119.22
31-10-2022 00:00:00,31-10-2022 00:00:00,09.99357,-85.28716,122.76
31-10-2022 01:00:00,31-10-2022 01:00:00,9.848634400644745,-84.31491096137044,119.24
31-10-2022 01:00:00,31-10-2022 01:00:00,10.71553,-85.62812,120.62
31-10-2022 01:00:00,31-10-2022 01:00:00,09.95461,-85.03797,119.40
31-10-2022 01:00:00,31-10-2022 01:00:00,09.99357,-85.28716,124.44
31-10-2022 02:00:00,31-10-2022 02:00:00,9.848634400644745,-84.31491096137044,119.54
31-10-2022 02:00:00,31-10-2022 02:00:00,10.71553,-85.62812,120.84
31-10-2022 02:00:00,31-10-2022 02:00:00,09.95461,-85.03797,119.54
31-10-2022 02:00:00,31-10-2022 02:00:00,09.99357,-85.28716,124.84
31-10-2022 03:00:00,31-10-2022 03:00:00,9.848634400644745,-84.31491096137044,119.84
31-10-2022 03:00:00,31-10-2022 03:00:00,10.71553,-85.62812,121.00
31-10-2022 03:00:00,31-10-2022 03:00:00,09.95461,-85.03797,119.92
31-10-2022 03:00:00,31-10-2022 03:00:00,09.99357,-85.28716,124.48
31-10-2022 04:00:00,31-10-2022 04:00:00,9.848634400644745,-84.31491096137044,119.36
31-10-2022 04:00:00,31-10-2022 04:00:00,10.71553,-85.62812,120.78
31-10-2022 04:00:00,31-10-2022 04:00:00,09.95461,-85.03797,119.60
31-10-2022 04:00:00,31-10-2022 04:00:00,09.99357,-85.28716,123.98
31-10-2022 05:00:00,31-10-2022 05:00:00,9.848634400644745,-84.31491096137044,120.24
31-10-2022 05:00:00,31-10-2022 05:00:00,10.71553,-85.62812,120.82
31-10-2022 05:00:00,31-10-2022 05:00:00,09.95461,-85.03797,118.84
31-10-2022 05:00:00,31-10-2022 05:00:00,09.99357,-85.28716,124.74
31-10-2022 06:00:00,31-10-2022 06:00:00,9.848634400644745,-84.31491096137044,114.56
31-10-2022 06:00:00,31-10-2022 06:00:00,10.71553,-85.62812,119.40
31-10-2022 06:00:00,31-10-2022 06:00:00,09.95461,-85.03797,118.22
31-10-2022 06:00:00,31-10-2022 06:00:00,09.99357,-85.28716,121.92
31-10-2022 07:00:00,31-10-2022 07:00:00,9.848634400644745,-84.31491096137044,118.34
31-10-2022 07:00:00,31-10-2022 07:00:00,10.71553,-85.62812,119.94
31-10-2022 07:00:00,31-10-2022 07:00:00,09.95461,-85.03797,118.12
31-10-2022 07:00:00,31-10-2022 07:00:00,09.99357,-85.28716,121.38
31-10-2022 08:00:00,31-10-2022 08:00:00,9.848634400644745,-84.31491096137044,117.14
31-10-2022 08:00:00,31-10-2022 08:00:00,10.71553,-85.62812,118.94
31-10-2022 08:00:00,31-10-2022 08:00:00,09.95461,-85.03797,116.62
31-10-2022 08:00:00,31-10-2022 08:00:00,09.99357,-85.28716,122.20
31-10-2022 09:00:00,31-10-2022 09:00:00,9.848634400644745,-84.31491096137044,116.28
31-10-2022 09:00:00,31-10-2022 09:00:00,10.71553,-85.62812,119.52
31-10-2022 09:00:00,31-10-2022 09:00:00,09.95461,-85.03797,117.42
31-10-2022 09:00:00,31-10-2022 09:00:00,09.99357,-85.28716,123.08
31-10-2022 10:00:00,31-10-2022 10:00:00,9.848634400644745,-84.31491096137044,115.72
31-10-2022 10:00:00,31-10-2022 10:00:00,10.71553,-85.62812,119.38
31-10-2022 10:00:00,31-10-2022 10:00:00,09.95461,-85.03797,115.88
31-10-2022 10:00:00,31-10-2022 10:00:00,09.99357,-85.28716,122.48
31-10-2022 11:00:00,31-10-2022 11:00:00,9.848634400644745,-84.31491096137044,117.52
31-10-2022 11:00:00,31-10-2022 11:00:00,10.71553,-85.62812,119.80
31-10-2022 11:00:00,31-10-2022 11:00:00,09.95461,-85.03797,116.32
31-10-2022 11:00:00,31-10-2022 11:00:00,09.99357,-85.28716,121.18
31-10-2022 12:00:00,31-10-2022 12:00:00,9.848634400644745,-84.31491096137044,116.80
31-10-2022 12:00:00,31-10-2022 12:00:00,10.71553,-85.62812,119.96
31-10-2022 12:00:00,31-10-2022 12:00:00,09.95461,-85.03797,117.18
31-10-2022 12:00:00,31-10-2022 12:00:00,09.99357,-85.28716,121.56
31-10-2022 13:00:00,31-10-2022 13:00:00,9.848634400644745,-84.31491096137044,118.34
31-10-2022 13:00:00,31-10-2022 13:00:00,10.71553,-85.62812,120.14
31-10-2022 13:00:00,31-10-2022 13:00:00,09.95461,-85.03797,117.18
31-10-2022 14:00:00,31-10-2022 14:00:00,9.848634400644745,-84.31491096137044,118.28
31-10-2022 14:00:00,31-10-2022 14:00:00,10.71553,-85.62812,119.82
31-10-2022 14:00:00,31-10-2022 14:00:00,09.95461,-85.03797,118.60
31-10-2022 14:00:00,31-10-2022 14:00:00,09.99357,-85.28716,123.34
31-10-2022 15:00:00,31-10-2022 15:00:00,9.848634400644745,-84.31491096137044,119.02
31-10-2022 15:00:00,31-10-2022 15:00:00,10.71553,-85.62812,120.12
31-10-2022 15:00:00,31-10-2022 15:00:00,09.95461,-85.03797,117.88
31-10-2022 15:00:00,31-10-2022 15:00:00,09.99357,-85.28716,123.32
31-10-2022 16:00:00,31-10-2022 16:00:00,9.848634400644745,-84.31491096137044,119.30
31-10-2022 16:00:00,31-10-2022 16:00:00,10.71553,-85.62812,120.74
31-10-2022 16:00:00,31-10-2022 16:00:00,09.95461,-85.03797,117.40
31-10-2022 16:00:00,31-10-2022 16:00:00,09.99357,-85.28716,123.90
31-10-2022 17:00:00,31-10-2022 17:00:00,9.848634400644745,-84.31491096137044,117.96
31-10-2022 17:00:00,31-10-2022 17:00:00,10.71553,-85.62812,121.22
31-10-2022 17:00:00,31-10-2022 17:00:00,09.95461,-85.03797,118.32
31-10-2022 17:00:00,31-10-2022 17:00:00,09.99357,-85.28716,123.02
31-10-2022 18:00:00,31-10-2022 18:00:00,9.848634400644745,-84.31491096137044,116.60
31-10-2022 18:00:00,31-10-2022 18:00:00,10.71553,-85.62812,120.38
31-10-2022 18:00:00,31-10-2022 18:00:00,09.95461,-85.03797,117.54
31-10-2022 18:00:00,31-10-2022 18:00:00,09.99357,-85.28716,122.38
31-10-2022 19:00:00,31-10-2022 19:00:00,9.848634400644745,-84.31491096137044,117.84
31-10-2022 19:00:00,31-10-2022 19:00:00,10.71553,-85.62812,120.32
31-10-2022 19:00:00,31-10-2022 19:00:00,09.95461,-85.03797,117.48
31-10-2022 19:00:00,31-10-2022 19:00:00,09.99357,-85.28716,123.52
31-10-2022 20:00:00,31-10-2022 20:00:00,9.848634400644745,-84.31491096137044,118.66
31-10-2022 20:00:00,31-10-2022 20:00:00,10.71553,-85.62812,120.74
31-10-2022 20:00:00,31-10-2022 20:00:00,09.95461,-85.03797,119.32
31-10-2022 20:00:00,31-10-2022 20:00:00,09.99357,-85.28716,123.06
31-10-2022 21:00:00,31-10-2022 21:00:00,9.848634400644745,-84.31491096137044,118.30
31-10-2022 21:00:00,31-10-2022 21:00:00,10.71553,-85.62812,119.66
31-10-2022 21:00:00,31-10-2022 21:00:00,09.95461,-85.03797,117.78
31-10-2022 21:00:00,31-10-2022 21:00:00,09.99357,-85.28716,124.30
31-10-2022 22:00:00,31-10-2022 22:00:00,9.848634400644745,-84.31491096137044,117.56
31-10-2022 22:00:00,31-10-2022 22:00:00,10.71553,-85.62812,120.06
31-10-2022 22:00:00,31-10-2022 22:00:00,09.95461,-85.03797,119.44
31-10-2022 22:00:00,31-10-2022 22:00:00,09.99357,-85.28716,122.58
31-10-2022 23:00:00,31-10-2022 23:00:00,9.848634400644745,-84.31491096137044,119.10
31-10-2022 23:00:00,31-10-2022 23:00:00,10.71553,-85.62812,120.40
31-10-2022 23:00:00,31-10-2022 23:00:00,09.95461,-85.03797,119.48
31-10-2022 23:00:00,31-10-2022 23:00:00,09.99357,-85.28716,122.70
01-11-2022 00:00:00,01-11-2022 00:00:00,9.848634400644745,-84.31491096137044,119.60
01-11-2022 00:00:00,01-11-2022 00:00:00,10.71553,-85.62812,120.42
01-11-2022 00:00:00,01-11-2022 00:00:00,09.95461,-85.03797,119.24
01-11-2022 00:00:00,01-11-2022 00:00:00,09.99357,-85.28716,123.10
01-11-2022 01:00:00,01-11-2022 01:00:00,9.848634400644745,-84.31491096137044,119.24
01-11-2022 01:00:00,01-11-2022 01:00:00,10.71553,-85.62812,120.62
01-11-2022 01:00:00,01-11-2022 01:00:00,09.95461,-85.03797,119.14
01-11-2022 01:00:00,01-11-2022 01:00:00,09.99357,-85.28716,123.54
01-11-2022 02:00:00,01-11-2022 02:00:00,9.848634400644745,-84.31491096137044,119.82
01-11-2022 02:00:00,01-11-2022 02:00:00,10.71553,-85.62812,120.84
01-11-2022 02:00:00,01-11-2022 02:00:00,09.95461,-85.03797,119.38
01-11-2022 02:00:00,01-11-2022 02:00:00,09.99357,-85.28716,123.80
01-11-2022 03:00:00,01-11-2022 03:00:00,9.848634400644745,-84.31491096137044,119.72
01-11-2022 03:00:00,01-11-2022 03:00:00,10.71553,-85.62812,120.66
01-11-2022 03:00:00,01-11-2022 03:00:00,09.95461,-85.03797,120.00
01-11-2022 03:00:00,01-11-2022 03:00:00,09.99357,-85.28716,124.02
01-11-2022 04:00:00,01-11-2022 04:00:00,9.848634400644745,-84.31491096137044,119.24
01-11-2022 04:00:00,01-11-2022 04:00:00,10.71553,-85.62812,120.52
01-11-2022 04:00:00,01-11-2022 04:00:00,09.95461,-85.03797,119.44
01-11-2022 04:00:00,01-11-2022 04:00:00,09.99357,-85.28716,123.80
01-11-2022 05:00:00,01-11-2022 05:00:00,9.848634400644745,-84.31491096137044,118.92
01-11-2022 05:00:00,01-11-2022 05:00:00,10.71553,-85.62812,119.92
01-11-2022 05:00:00,01-11-2022 05:00:00,09.95461,-85.03797,117.52
01-11-2022 05:00:00,01-11-2022 05:00:00,09.99357,-85.28716,123.98
01-11-2022 06:00:00,01-11-2022 06:00:00,9.848634400644745,-84.31491096137044,117.42
01-11-2022 06:00:00,01-11-2022 06:00:00,10.71553,-85.62812,119.62
01-11-2022 06:00:00,01-11-2022 06:00:00,09.95461,-85.03797,119.16
01-11-2022 06:00:00,01-11-2022 06:00:00,09.99357,-85.28716,121.90
01-11-2022 07:00:00,01-11-2022 07:00:00,9.848634400644745,-84.31491096137044,116.84
01-11-2022 07:00:00,01-11-2022 07:00:00,10.71553,-85.62812,119.42
01-11-2022 07:00:00,01-11-2022 07:00:00,09.95461,-85.03797,117.38
01-11-2022 07:00:00,01-11-2022 07:00:00,09.99357,-85.28716,122.64
01-11-2022 08:00:00,01-11-2022 08:00:00,9.848634400644745,-84.31491096137044,118.76
01-11-2022 08:00:00,01-11-2022 08:00:00,10.71553,-85.62812,120.56
01-11-2022 08:00:00,01-11-2022 08:00:00,09.95461,-85.03797,119.32
01-11-2022 08:00:00,01-11-2022 08:00:00,09.99357,-85.28716,122.70
01-11-2022 09:00:00,01-11-2022 09:00:00,9.848634400644745,-84.31491096137044,118.34
01-11-2022 09:00:00,01-11-2022 09:00:00,10.71553,-85.62812,119.78
01-11-2022 09:00:00,01-11-2022 09:00:00,09.95461,-85.03797,117.44
01-11-2022 09:00:00,01-11-2022 09:00:00,09.99357,-85.28716,123.18
01-11-2022 10:00:00,01-11-2022 10:00:00,9.848634400644745,-84.31491096137044,117.80
01-11-2022 10:00:00,01-11-2022 10:00:00,10.71553,-85.62812,119.50
01-11-2022 10:00:00,01-11-2022 10:00:00,09.95461,-85.03797,116.54
01-11-2022 10:00:00,01-11-2022 10:00:00,09.99357,-85.28716,123.52
01-11-2022 11:00:00,01-11-2022 11:00:00,9.848634400644745,-84.31491096137044,118.06
01-11-2022 11:00:00,01-11-2022 11:00:00,10.71553,-85.62812,119.10
01-11-2022 11:00:00,01-11-2022 11:00:00,09.95461,-85.03797,117.16
01-11-2022 11:00:00,01-11-2022 11:00:00,09.99357,-85.28716,122.76
01-11-2022 12:00:00,01-11-2022 12:00:00,9.848634400644745,-84.31491096137044,117.90
01-11-2022 12:00:00,01-11-2022 12:00:00,10.71553,-85.62812,119.70
01-11-2022 12:00:00,01-11-2022 12:00:00,09.95461,-85.03797,116.86
01-11-2022 12:00:00,01-11-2022 12:00:00,09.99357,-85.28716,122.78
01-11-2022 13:00:00,01-11-2022 13:00:00,9.848634400644745,-84.31491096137044,118.90
01-11-2022 13:00:00,01-11-2022 13:00:00,10.71553,-85.62812,120.26
01-11-2022 13:00:00,01-11-2022 13:00:00,09.95461,-85.03797,117.44
01-11-2022 13:00:00,01-11-2022 13:00:00,09.99357,-85.28716,124.10
01-11-2022 14:00:00,01-11-2022 14:00:00,9.848634400644745,-84.31491096137044,118.54
01-11-2022 14:00:00,01-11-2022 14:00:00,10.71553,-85.62812,120.40
01-11-2022 14:00:00,01-11-2022 14:00:00,09.95461,-85.03797,117.26
01-11-2022 14:00:00,01-11-2022 14:00:00,09.99357,-85.28716,124.12
01-11-2022 15:00:00,01-11-2022 15:00:00,9.848634400644745,-84.31491096137044,119.04
01-11-2022 15:00:00,01-11-2022 15:00:00,10.71553,-85.62812,120.36
01-11-2022 15:00:00,01-11-2022 15:00:00,09.95461,-85.03797,118.50
01-11-2022 15:00:00,01-11-2022 15:00:00,09.99357,-85.28716,122.48
01-11-2022 16:00:00,01-11-2022 16:00:00,9.848634400644745,-84.31491096137044,119.38
01-11-2022 16:00:00,01-11-2022 16:00:00,10.71553,-85.62812,120.74
01-11-2022 16:00:00,01-11-2022 16:00:00,09.95461,-85.03797,118.86
01-11-2022 16:00:00,01-11-2022 16:00:00,09.99357,-85.28716,124.64
01-11-2022 17:00:00,01-11-2022 17:00:00,9.848634400644745,-84.31491096137044,118.84
01-11-2022 17:00:00,01-11-2022 17:00:00,10.71553,-85.62812,121.14
01-11-2022 17:00:00,01-11-2022 17:00:00,09.95461,-85.03797,118.16
01-11-2022 17:00:00,01-11-2022 17:00:00,09.99357,-85.28716,123.54
01-11-2022 18:00:00,01-11-2022 18:00:00,9.848634400644745,-84.31491096137044,118.10
01-11-2022 18:00:00,01-11-2022 18:00:00,10.71553,-85.62812,120.26
01-11-2022 18:00:00,01-11-2022 18:00:00,09.95461,-85.03797,117.96
01-11-2022 18:00:00,01-11-2022 18:00:00,09.99357,-85.28716,122.76
01-11-2022 19:00:00,01-11-2022 19:00:00,9.848634400644745,-84.31491096137044,116.80
01-11-2022 19:00:00,01-11-2022 19:00:00,10.71553,-85.62812,119.98
01-11-2022 19:00:00,01-11-2022 19:00:00,09.95461,-85.03797,118.14
01-11-2022 19:00:00,01-11-2022 19:00:00,09.99357,-85.28716,123.10
01-11-2022 20:00:00,01-11-2022 20:00:00,9.848634400644745,-84.31491096137044,117.14
01-11-2022 20:00:00,01-11-2022 20:00:00,10.71553,-85.62812,120.66
01-11-2022 20:00:00,01-11-2022 20:00:00,09.95461,-85.03797,118.56
01-11-2022 20:00:00,01-11-2022 20:00:00,09.99357,-85.28716,123.38
01-11-2022 21:00:00,01-11-2022 21:00:00,9.848634400644745,-84.31491096137044,117.74
01-11-2022 21:00:00,01-11-2022 21:00:00,10.71553,-85.62812,119.08
01-11-2022 21:00:00,01-11-2022 21:00:00,09.95461,-85.03797,117.86
01-11-2022 21:00:00,01-11-2022 21:00:00,09.99357,-85.28716,121.92
01-11-2022 22:00:00,01-11-2022 22:00:00,9.848634400644745,-84.31491096137044,117.18
01-11-2022 22:00:00,01-11-2022 22:00:00,10.71553,-85.62812,119.68
01-11-2022 22:00:00,01-11-2022 22:00:00,09.95461,-85.03797,117.58
01-11-2022 22:00:00,01-11-2022 22:00:00,09.99357,-85.28716,123.44
01-11-2022 23:00:00,01-11-2022 23:00:00,9.848634400644745,-84.31491096137044,118.50
01-11-2022 23:00:00,01-11-2022 23:00:00,10.71553,-85.62812,120.48
01-11-2022 23:00:00,01-11-2022 23:00:00,09.95461,-85.03797,119.46
01-11-2022 23:00:00,01-11-2022 23:00:00,09.99357,-85.28716,124.58
02-11-2022 00:00:00,02-11-2022 00:00:00,9.848634400644745,-84.31491096137044,120.04
02-11-2022 00:00:00,02-11-2022 00:00:00,10.71553,-85.62812,120.92
02-11-2022 00:00:00,02-11-2022 00:00:00,09.95461,-85.03797,119.82
02-11-2022 00:00:00,02-11-2022 00:00:00,09.99357,-85.28716,124.76
02-11-2022 01:00:00,02-11-2022 01:00:00,9.848634400644745,-84.31491096137044,120.12
02-11-2022 01:00:00,02-11-2022 01:00:00,10.71553,-85.62812,120.86
02-11-2022 01:00:00,02-11-2022 01:00:00,09.95461,-85.03797,119.22
02-11-2022 01:00:00,02-11-2022 01:00:00,09.99357,-85.28716,123.68
02-11-2022 02:00:00,02-11-2022 02:00:00,9.848634400644745,-84.31491096137044,120.30
02-11-2022 02:00:00,02-11-2022 02:00:00,10.71553,-85.62812,121.10
02-11-2022 02:00:00,02-11-2022 02:00:00,09.95461,-85.03797,119.70
02-11-2022 02:00:00,02-11-2022 02:00:00,09.99357,-85.28716,124.04
02-11-2022 03:00:00,02-11-2022 03:00:00,9.848634400644745,-84.31491096137044,120.22
02-11-2022 03:00:00,02-11-2022 03:00:00,10.71553,-85.62812,121.06
02-11-2022 03:00:00,02-11-2022 03:00:00,09.95461,-85.03797,119.86
02-11-2022 03:00:00,02-11-2022 03:00:00,09.99357,-85.28716,123.80
02-11-2022 04:00:00,02-11-2022 04:00:00,9.848634400644745,-84.31491096137044,120.06
02-11-2022 04:00:00,02-11-2022 04:00:00,10.71553,-85.62812,120.86
02-11-2022 04:00:00,02-11-2022 04:00:00,09.95461,-85.03797,119.84
02-11-2022 04:00:00,02-11-2022 04:00:00,09.99357,-85.28716,123.58
02-11-2022 05:00:00,02-11-2022 05:00:00,9.848634400644745,-84.31491096137044,119.76
02-11-2022 05:00:00,02-11-2022 05:00:00,10.71553,-85.62812,120.78
02-11-2022 05:00:00,02-11-2022 05:00:00,09.95461,-85.03797,119.42
02-11-2022 05:00:00,02-11-2022 05:00:00,09.99357,-85.28716,124.12
02-11-2022 06:00:00,02-11-2022 06:00:00,9.848634400644745,-84.31491096137044,118.30
02-11-2022 06:00:00,02-11-2022 06:00:00,10.71553,-85.62812,119.10
02-11-2022 06:00:00,02-11-2022 06:00:00,09.95461,-85.03797,117.96
02-11-2022 06:00:00,02-11-2022 06:00:00,09.99357,-85.28716,120.32
02-11-2022 07:00:00,02-11-2022 07:00:00,9.848634400644745,-84.31491096137044,117.08
02-11-2022 07:00:00,02-11-2022 07:00:00,10.71553,-85.62812,119.60
02-11-2022 07:00:00,02-11-2022 07:00:00,09.95461,-85.03797,117.74
02-11-2022 07:00:00,02-11-2022 07:00:00,09.99357,-85.28716,121.02
02-11-2022 08:00:00,02-11-2022 08:00:00,9.848634400644745,-84.31491096137044,116.20
02-11-2022 08:00:00,02-11-2022 08:00:00,10.71553,-85.62812,120.58
02-11-2022 08:00:00,02-11-2022 08:00:00,09.95461,-85.03797,117.78
02-11-2022 08:00:00,02-11-2022 08:00:00,09.99357,-85.28716,122.40
02-11-2022 09:00:00,02-11-2022 09:00:00,9.848634400644745,-84.31491096137044,116.74
02-11-2022 09:00:00,02-11-2022 09:00:00,10.71553,-85.62812,119.96
02-11-2022 09:00:00,02-11-2022 09:00:00,09.95461,-85.03797,117.52
02-11-2022 09:00:00,02-11-2022 09:00:00,09.99357,-85.28716,122.82
02-11-2022 10:00:00,02-11-2022 10:00:00,9.848634400644745,-84.31491096137044,117.38
02-11-2022 10:00:00,02-11-2022 10:00:00,10.71553,-85.62812,120.20
02-11-2022 10:00:00,02-11-2022 10:00:00,09.95461,-85.03797,117.24
02-11-2022 10:00:00,02-11-2022 10:00:00,09.99357,-85.28716,122.50
02-11-2022 11:00:00,02-11-2022 11:00:00,9.848634400644745,-84.31491096137044,117.34
02-11-2022 11:00:00,02-11-2022 11:00:00,10.71553,-85.62812,119.46
02-11-2022 11:00:00,02-11-2022 11:00:00,09.95461,-85.03797,115.90
02-11-2022 11:00:00,02-11-2022 11:00:00,09.99357,-85.28716,123.26
02-11-2022 12:00:00,02-11-2022 12:00:00,9.848634400644745,-84.31491096137044,116.86
02-11-2022 12:00:00,02-11-2022 12:00:00,10.71553,-85.62812,119.72
02-11-2022 12:00:00,02-11-2022 12:00:00,09.95461,-85.03797,117.02
02-11-2022 12:00:00,02-11-2022 12:00:00,09.99357,-85.28716,122.36
02-11-2022 13:00:00,02-11-2022 13:00:00,9.848634400644745,-84.31491096137044,117.76
02-11-2022 13:00:00,02-11-2022 13:00:00,10.71553,-85.62812,119.62
02-11-2022 13:00:00,02-11-2022 13:00:00,09.95461,-85.03797,116.36
02-11-2022 13:00:00,02-11-2022 13:00:00,09.99357,-85.28716,123.30
02-11-2022 14:00:00,02-11-2022 14:00:00,9.848634400644745,-84.31491096137044,118.86
02-11-2022 14:00:00,02-11-2022 14:00:00,10.71553,-85.62812,119.92
02-11-2022 14:00:00,02-11-2022 14:00:00,09.95461,-85.03797,117.82
02-11-2022 14:00:00,02-11-2022 14:00:00,09.99357,-85.28716,124.06
02-11-2022 15:00:00,02-11-2022 15:00:00,9.848634400644745,-84.31491096137044,118.84
02-11-2022 15:00:00,02-11-2022 15:00:00,10.71553,-85.62812,120.30
02-11-2022 15:00:00,02-11-2022 15:00:00,09.95461,-85.03797,118.68
02-11-2022 15:00:00,02-11-2022 15:00:00,09.99357,-85.28716,123.84
02-11-2022 16:00:00,02-11-2022 16:00:00,9.848634400644745,-84.31491096137044,118.66
02-11-2022 16:00:00,02-11-2022 16:00:00,10.71553,-85.62812,120.78
02-11-2022 16:00:00,02-11-2022 16:00:00,09.95461,-85.03797,117.88
02-11-2022 16:00:00,02-11-2022 16:00:00,09.99357,-85.28716,122.96
02-11-2022 17:00:00,02-11-2022 17:00:00,9.848634400644745,-84.31491096137044,119.38
02-11-2022 17:00:00,02-11-2022 17:00:00,10.71553,-85.62812,120.34
02-11-2022 17:00:00,02-11-2022 17:00:00,09.95461,-85.03797,118.64
02-11-2022 17:00:00,02-11-2022 17:00:00,09.99357,-85.28716,124.10
02-11-2022 18:00:00,02-11-2022 18:00:00,9.848634400644745,-84.31491096137044,116.44
02-11-2022 18:00:00,02-11-2022 18:00:00,10.71553,-85.62812,119.64
02-11-2022 18:00:00,02-11-2022 18:00:00,09.95461,-85.03797,117.24
02-11-2022 18:00:00,02-11-2022 18:00:00,09.99357,-85.28716,122.64
02-11-2022 19:00:00,02-11-2022 19:00:00,9.848634400644745,-84.31491096137044,116.12
02-11-2022 19:00:00,02-11-2022 19:00:00,10.71553,-85.62812,119.70
02-11-2022 19:00:00,02-11-2022 19:00:00,09.95461,-85.03797,117.44
02-11-2022 19:00:00,02-11-2022 19:00:00,09.99357,-85.28716,121.60
02-11-2022 20:00:00,02-11-2022 20:00:00,9.848634400644745,-84.31491096137044,117.68
02-11-2022 20:00:00,02-11-2022 20:00:00,10.71553,-85.62812,119.94
02-11-2022 20:00:00,02-11-2022 20:00:00,09.95461,-85.03797,118.10
02-11-2022 20:00:00,02-11-2022 20:00:00,09.99357,-85.28716,122.02
02-11-2022 21:00:00,02-11-2022 21:00:00,9.848634400644745,-84.31491096137044,118.50
02-11-2022 21:00:00,02-11-2022 21:00:00,10.71553,-85.62812,121.02
02-11-2022 21:00:00,02-11-2022 21:00:00,09.95461,-85.03797,119.66
02-11-2022 21:00:00,02-11-2022 21:00:00,09.99357,-85.28716,123.42
02-11-2022 22:00:00,02-11-2022 22:00:00,9.848634400644745,-84.31491096137044,118.56
02-11-2022 22:00:00,02-11-2022 22:00:00,10.71553,-85.62812,119.34
02-11-2022 22:00:00,02-11-2022 22:00:00,09.95461,-85.03797,117.12
02-11-2022 22:00:00,02-11-2022 22:00:00,09.99357,-85.28716,123.44
02-11-2022 23:00:00,02-11-2022 23:00:00,9.848634400644745,-84.31491096137044,119.30
02-11-2022 23:00:00,02-11-2022 23:00:00,10.71553,-85.62812,120.06
02-11-2022 23:00:00,02-11-2022 23:00:00,09.95461,-85.03797,118.80
02-11-2022 23:00:00,02-11-2022 23:00:00,09.99357,-85.28716,123.84
03-11-2022 00:00:00,03-11-2022 00:00:00,9.848634400644745,-84.31491096137044,119.72
03-11-2022 00:00:00,03-11-2022 00:00:00,10.71553,-85.62812,120.34
03-11-2022 00:00:00,03-11-2022 00:00:00,09.95461,-85.03797,119.24
03-11-2022 00:00:00,03-11-2022 00:00:00,09.99357,-85.28716,123.04
03-11-2022 01:00:00,03-11-2022 01:00:00,9.848634400644745,-84.31491096137044,119.66
03-11-2022 01:00:00,03-11-2022 01:00:00,10.71553,-85.62812,120.80
03-11-2022 01:00:00,03-11-2022 01:00:00,09.95461,-85.03797,119.60
03-11-2022 01:00:00,03-11-2022 01:00:00,09.99357,-85.28716,123.98
03-11-2022 02:00:00,03-11-2022 02:00:00,9.848634400644745,-84.31491096137044,119.80
03-11-2022 02:00:00,03-11-2022 02:00:00,10.71553,-85.62812,120.50
03-11-2022 02:00:00,03-11-2022 02:00:00,09.95461,-85.03797,119.22
03-11-2022 02:00:00,03-11-2022 02:00:00,09.99357,-85.28716,123.42
03-11-2022 03:00:00,03-11-2022 03:00:00,9.848634400644745,-84.31491096137044,120.02
03-11-2022 03:00:00,03-11-2022 03:00:00,10.71553,-85.62812,120.88
03-11-2022 03:00:00,03-11-2022 03:00:00,09.95461,-85.03797,119.08
03-11-2022 03:00:00,03-11-2022 03:00:00,09.99357,-85.28716,123.38
03-11-2022 04:00:00,03-11-2022 04:00:00,9.848634400644745,-84.31491096137044,119.42
03-11-2022 04:00:00,03-11-2022 04:00:00,10.71553,-85.62812,120.38
03-11-2022 04:00:00,03-11-2022 04:00:00,09.95461,-85.03797,118.98
03-11-2022 04:00:00,03-11-2022 04:00:00,09.99357,-85.28716,123.48
03-11-2022 05:00:00,03-11-2022 05:00:00,9.848634400644745,-84.31491096137044,118.08
03-11-2022 05:00:00,03-11-2022 05:00:00,10.71553,-85.62812,120.48
03-11-2022 05:00:00,03-11-2022 05:00:00,09.95461,-85.03797,118.18
03-11-2022 05:00:00,03-11-2022 05:00:00,09.99357,-85.28716,124.26
03-11-2022 06:00:00,03-11-2022 06:00:00,9.848634400644745,-84.31491096137044,115.50
03-11-2022 06:00:00,03-11-2022 06:00:00,10.71553,-85.62812,119.00
03-11-2022 06:00:00,03-11-2022 06:00:00,09.95461,-85.03797,118.20
03-11-2022 06:00:00,03-11-2022 06:00:00,09.99357,-85.28716,122.92
03-11-2022 07:00:00,03-11-2022 07:00:00,9.848634400644745,-84.31491096137044,116.64
03-11-2022 07:00:00,03-11-2022 07:00:00,10.71553,-85.62812,119.64
03-11-2022 07:00:00,03-11-2022 07:00:00,09.95461,-85.03797,118.56
03-11-2022 07:00:00,03-11-2022 07:00:00,09.99357,-85.28716,122.34
03-11-2022 08:00:00,03-11-2022 08:00:00,9.848634400644745,-84.31491096137044,118.68
03-11-2022 08:00:00,03-11-2022 08:00:00,10.71553,-85.62812,119.76
03-11-2022 08:00:00,03-11-2022 08:00:00,09.95461,-85.03797,117.78
03-11-2022 08:00:00,03-11-2022 08:00:00,09.99357,-85.28716,123.54
03-11-2022 09:00:00,03-11-2022 09:00:00,9.848634400644745,-84.31491096137044,117.96
03-11-2022 09:00:00,03-11-2022 09:00:00,10.71553,-85.62812,118.80
03-11-2022 09:00:00,03-11-2022 09:00:00,09.95461,-85.03797,116.34
03-11-2022 09:00:00,03-11-2022 09:00:00,09.99357,-85.28716,122.58
Evaluation Only. Created with Aspose.Cells for Python via Java.Copyright 2003 - 2022 Aspose Pty Ltd. 07:00:00,9.848634400644745,-84.31491096137044,116.64
03-11-2022 07:00:00,03-11-2022 07:00:00,10.71553,-85.62812,119.64
03-11-2022 07:00:00,03-11-2022 07:00:00,09.95461,-85.03797,118.56
03-11-2022 07:00:00,03-11-2022 07:00:00,09.99357,"-85.28716,,",122.34
03-11-2022 08:00:00,03-11-2022 08:00:00,9.848634400644745,-84.31491096137044,118.68
03-11-2022 08:00:00,03-11-2022 08:00:00,10.71553,-85.62812,119.76
03-11-2022 08:00:00,03-11-2022 08:00:00,09.95461,-85.03797,117.78
03-11-2022 08:00:00,03-11-2022 08:00:00,09.99357,"-85.28716,,",123.54
03-11-2022 09:00:00,03-11-2022 09:00:00,9.848634400644745,-84.31491096137044,117.96
03-11-2022 09:00:00,03-11-2022 09:00:00,10.71553,-85.62812,118.80
03-11-2022 09:00:00,03-11-2022 09:00:00,09.95461,-85.03797,116.34
03-11-2022 09:00:00,03-11-2022 09:00:00,09.99357,"-85.28716,,",122.58
Evaluation Only. Created with Aspose.Cells for Python via Java.Copyright 2003 - 2022 Aspose Pty Ltd.