lon,lat,NÂ° de equipo,Fecha de instalacion,Fecha de desinstalacion
 -85.43741,10.63083,3177,15/01/2018 11:50,23/01/2018 08:00
 -85.43429,10.63050,3182,15/01/2018 15:10,23/01/2018 08:30
 -85.43679,10.62945,3165,15/01/2018 15:50,23/01/2018 08:40
 -85.43819,10.63263,3176,15/01/2018 16:20,23/01/2018 08:20
 -85.44240,10.63198,3169,15/01/2018 16:40,23/01/2018 08:50
 -85.44334,10.62974,3187,15/01/2018 17:10,23/01/2018 09:00
 -85.61490,10.65724,3194,17/01/2018 10:10,24/01/2018 16:20
 -85.62665,10.71660,3184,17/01/2018 11:10,24/01/2018 16:40
 -85.41459,11.06599,3180,16/01/2018 09:50,23/01/2018 11:30
 -85.41634,11.06238,3191,16/01/2018 10:10,23/01/2018 11:40
 -85.41280,11.05816,3172,16/01/2018 10:40,23/01/2018 11:40
 -85.42870,11.06010,3192,16/01/2018 11:10,23/01/2018 12:00
 -85.63393,11.07974,3195,16/01/2018 13:50,23/01/2018 14:10
 -85.63175,11.07236,3181,16/01/2018 14:20,23/01/2018 14:20
 -85.45362,10.62332,3171,16/01/2018 15:30,23/01/2018 15:40
 -85.44877,10.62480,3164,16/01/2018 16:00,23/01/2018 16:00
 -85.62812,10.71553,3168,17/01/2018 11:20,24/01/2018 16:50
 -85.61118,10.60246,3189,17/01/2018 12:20,24/01/2018 17:10
 -85.58913,10.56157,3166,17/01/2018 13:00,25/01/2018 09:20
 -85.58909,10.57019,3193,17/01/2018 13:30,25/01/2018 09:11
 -84.93695,09.81909,3334,22/01/2018 11:40,30/01/2018 08:50
 -84.93361,09.82047,3163,22/01/2018 12:10,30/01/2018 08:30
 -84.93365,09.81455,3332,22/01/2018 12:40,30/01/2018 09:20
 -85.03696,09.94668,3330,22/01/2018 15:40,29/01/2018 16:10
 -85.04046,09.95525,3190,22/01/2018 16:30,29/01/2018 16:30
 -85.03797,09.95461,3167,22/01/2018 17:40,29/01/2018 17:40
 -85.25247,09.99294,3333,23/01/2018 14:30,30/01/2018 15:50
 -85.25330,09.99382,3329,23/01/2018 15:00,30/01/2018 16:10
 -85.25285,09.99508,3161,23/01/2018 15:20,30/01/2018 16:20
 -85.25106,09.99493,3175,23/01/2018 16:30,30/01/2018 16:50
 -85.30450,10.00065,3179,24/01/2018 09:40,31/01/2018 09:40
 -85.30605,10.00308,3162,24/01/2018 10:10,31/01/2018 10:10
 -85.30548,09.99720,3178,24/01/2018 10:30,31/01/2018 10:30
 -85.31175,09.99272,3335,24/01/2018 10:50,31/01/2018 11:00
 -85.32133,09.98663,3183,24/01/2018 11:30,31/01/2018 11:30
 -85.31295,09.98134,3173,24/01/2018 12:20,31/01/2018 12:30
 -85.71339,10.54201,3172,24/01/2018 09:40,31/01/2018 09:40
 -85.71218,10.54273,3182,24/01/2018 10:00,31/01/2018 10:00
 -85.70926,10.54175,3165,24/01/2018 10:20,31/01/2018 10:20
 -85.70639,10.54224,3169,24/01/2018 10:30,31/01/2018 10:40
 -85.70559,10.54633,3177,24/01/2018 10:50,31/01/2018 11:10
 -85.69848,10.54356,3192,24/01/2018 11:10,31/01/2018 13:10
 -85.59554,10.55092,3176,24/01/2018 11:50,31/01/2018 11:50
 -85.65375,10.57106,3180,24/01/2018 12:40,31/01/2018 12:40
 -85.65362,10.57916,3195,24/01/2018 13:00,01/02/2018 07:50
 -85.64328,10.52630,3187,24/01/2018 13:40,01/02/2018 08:10
 -85.64801,10.51254,3164,24/01/2018 14:20,01/02/2018 08:30
 -85.64507,10.51205,3171,24/01/2018 14:50,01/02/2018 08:20
 -85.64502,10.51346,3337,24/01/2018 15:20,01/02/2018 08:40
 -85.64494,10.51879,3340,24/01/2018 15:40,01/02/2018 08:50
 -85.64541,10.52087,3181,24/01/2018 16:00,01/02/2018 09:00
 -85.64610,10.51938,3339,24/01/2018 16:10,01/02/2018 09:05
 -85.57387,10.51635,3184,30/01/2018 08:20,06/02/2018 09:00
 -85.57209,10.51526,3166,30/01/2018 08:40,06/02/2018 09:20
 -85.57491,10.51497,3193,30/01/2018 09:10,06/02/2018 09:40
 -85.57172,10.51684,3331,30/01/2018 09:40,06/02/2018 10:00
 -85.57236,10.51708,3189,30/01/2018 10:10,06/02/2018 10:20
 -85.57873,10.51665,3168,30/01/2018 10:40,6/02/2018 10:40
 -85.55131,10.44456,3177,31/01/2018 16:00,07/02/2018 16:00
 -85.55231,10.44658,3182,31/01/2018 16:20,07/02/2018 16:20
 -85.55193,10.44874,3165,31/01/2018 16:50,07/02/2018 17:50
 -85.55356,10.44805,3192,31/01/2018 17:20,07/02/2018 17:55
 -85.64840,10.51689,3169,01/02/2018 09:50,08/02/2018 10:10
 -85.64714,10.51746,3180,01/02/2018 10:00,08/02/2018 10:20
 -85.64649,10.51852,3176,01/02/2018 10:20,08/02/2018 10:40
 -85.64752,10.51515,3172,01/02/2018 10:50,08/02/2018 10:50
 -85.24995,09.99275,3336,29/01/2018 12:40,05/02/2018 13:40
 -85.25472,10.00209,3194,29/01/2018 14:30,05/02/2018 14:50
 -85.25666,10.00881,3342,29/01/2018 15:00,05/02/2018 15:10
 -85.23336,10.02951,3334,30/01/2018 13:50,06/02/2018 15:00
 -85.23483,10.03042,3167,30/01/2018 14:10,06/02/2018 15:30
 -85.23946,10.03050,3330,30/01/2018 14:40,06/02/2018 15:10
 -85.23831,10.02873,3190,30/01/2018 15:10,06/02/2018 15:40
 -85.23322,10.02834,3332,30/01/2018 15:30,6/02/2018 16:00
 -85.22269,10.02838,3163,30/01/2018 16:00,06/02/2018 16:10
 -85.25419,09.99460,3175,30/01/2018 17:30,06/02/2018 17:30
 -85.28716,09.99357,3329,31/01/2018 09:20,07/02/2018 16:00
 -85.30062,09.99866,3333,31/01/2018 09:40,07/02/2018 16:10
 -85.23808,10.02552,3335,31/01/2018 15:00,07/02/2018 16:30
 -85.23244,10.02903,3173,31/01/2018 15:40,07/02/2018 16:40
 -85.22207,10.02819,3178,31/01/2018 16:00,07/02/2018 16:50
 -85.21208,10.00164,3162,31/01/2018 16:30,07/02/2018 17:00
 -85.20551,09.99648,3161,31/01/2018 16:50,07/02/2018 17:10
 -85.22968,10.03047,3183,31/01/2018 17:20,07/02/2018 17:30
 -85.55275,10.44452,3195,05/02/2018 16:50,13/02/2018 09:40
 -85.55496,10.44457,3164,05/02/2018 17:10,13/02/2018 10:00
 -85.55141,10.44651,3181,05/02/2018 17:30,13/02/2018 10:30
 -85.55191,10.44919,3339,05/02/2018 18:00,13/02/2018 11:10
 -85.46080,10.36099,3168,06/02/2018 12:50,13/02/2018 15:20
 -85.46085,10.36190,3193,06/02/2018 13:10,13/02/2018 15:30
 -85.45887,10.36136,3331,06/02/2018 13:40,13/02/2018 15:50
 -85.45926,10.36076,3184,06/02/2018 14:00,13/02/2018 16:00
 -85.45798,10.36043,3166,06/02/2018 14:20,13/02/2018 16:10
 -85.44958,10.36295,3189,06/02/2018 15:00,13/02/2018 16:30
 -85.54942,10.44187,3182,07/02/2018 17:30,14/02/2018 17:30
 -85.54762,10.44207,3177,07/02/2018 18:00,14/02/2018 18:00
 -85.41875,10.05964,3336,06/02/2018 11:00,13/02/2018 11:00
 -85.41930,10.05718,3342,06/02/2018 11:50,13/02/2018 11:50
 -85.42112,10.05841,3194,06/02/2018 12:10,13/02/2018 12:10
 -85.37350,10.10117,3190,07/02/2018 08:50,14/02/2018 08:50
 -85.42324,10.04621,3334,07/02/2018 09:30,14/02/2018 09:30
 -85.42370,10.01913,3330,07/02/2018 09:50,14/02/2018 09:50
 -85.41701,10.05751,3337,05/02/2018 11:50,12/02/2018 11:50
 -85.41492,10.05817,3340,05/02/2018 12:10,12/02/2018 12:10
 -85.41576,10.05654,3171,05/02/2018 12:20,12/02/2018 12:20
 -85.41702,10.05670,3187,05/02/2018 12:40,12/02/2018 13:00
 -85.41778,10.05555,3179,05/02/2018 12:50,12/02/2018 13:10
 -85.45052,09.88230,3163,07/02/2018 10:50,14/02/2018 11:20
 -85.45140,09.88237,3332,07/02/2018 11:20,14/02/2018 11:30
 -85.45580,09.87685,3167,07/02/2018 11:50,14/02/2018 12:10
 -85.43195,09.92650,3175,07/02/2018 10:40,14/02/2018 10:40
 -85.37449,10.09974,3329,08/02/2018 08:30,15/02/2018 09:10
 -85.37212,10.07656,3183,08/02/2018 09:00,15/02/2018 09:20
 -85.37299,10.07671,3335,08/02/2018 09:20,15/02/2018 09:30
 -85.37625,10.08355,3173,08/02/2018 09:30,15/02/2018 09:40
 -85.37659,10.03578,3333,08/02/2018 09:50,15/02/2018 09:50
 -85.45135,10.14357,3179,12/02/2018 15:20,19/02/2018 16:20
 -85.45108,10.14274,3340,12/02/2018 15:50,19/02/2018 16:40
 -85.45571,10.14152,3171,12/02/2018 16:10,19/02/2018 09:00
 -85.45645,10.14337,3337,12/02/2018 16:40,19/02/2018 17:40
 -85.29919,10.18696,3194,13/02/2018 14:00,20/02/2018 14:20
 -85.45371,10.14588,3342,13/02/2018 15:20,20/02/2018 15:20
 -85.45312,10.14134,3336,13/02/2018 15:50,20/02/2018 15:50
 -85.29788,10.18421,3330,14/02/2018 15:00,21/02/2018 16:20
 -85.30122,10.18977,3332,14/02/2018 15:20,21/02/2018 16:30
 -85.30286,10.19124,3167,14/02/2018 15:40,21/02/2018 17:00
 -85.31316,10.20199,3175,14/02/2018 16:10,21/02/2018 17:20
 -85.31538,10.20322,3334,14/02/2018 16:40,21/02/2018 17:30
 -85.67923,10.38428,3186,12/02/2018 15:30,19/02/2018 16:40
 -85.67531,10.38472,3174,12/02/2018 16:00,19/02/2018 16:50
 -85.67896,10.38965,3170,12/02/2018 16:20,19/02/2018 17:10
 -85.67495,10.38632,3188,12/02/2018 17:00,19/02/2018 17:20
 -85.66666,10.38684,3185,12/02/2018 17:30,19/02/2018 17:30
 -85.67641,10.38134,3169,12/02/2018 18:00,19/02/2018 18:00
 -85.57857,10.40549,3180,13/02/2018 08:30,20/02/2018 12:30
 -85.58334,10.40971,3192,13/02/2018 09:00,20/02/2018 12:50
 -85.58546,10.40977,3165,13/02/2018 09:30,20/02/2018 13:10
 -85.55441,10.43947,3181,13/02/2018 13:20,20/02/2018 17:50
 -85.55099,10.44638,3164,13/02/2018 14:20,20/02/2018 18:00
 -85.55281,10.44596,3195,13/02/2018 15:00,20/02/2018 18:10
 -85.57568,10.41750,3168,14/02/2018 08:40,21/02/2018 10:10
 -85.57847,10.41257,3184,14/02/2018 09:10,21/02/2018 10:30
 -85.58713,10.40939,3193,14/02/2018 09:50,21/02/2018 10:50
 -85.58893,10.40725,3166,14/02/2018 10:20,21/02/2018 13:20
 -85.58871,10.40812,3331,14/02/2018 11:00,21/02/2018 13:20
 -85.59363,10.40895,3189,14/02/2018 11:20,21/02/2018 13:30
 -85.60043,10.41139,3187,14/02/2018 11:40,21/02/2018 12:50
 -85.55238,10.44170,3339,13/02/2018 12:00,20/02/2018 13:30
 -85.45452,10.14189,3162,19/02/2018 11:50,26/02/2018 15:40
 -85.44664,10.13654,3178,19/02/2018 12:30,26/02/2018 15:50
 -85.44580,10.12345,3176,19/02/2018 13:10,26/02/2018 16:00
 -85.44910,10.14307,3172,19/02/2018 15:00,26/02/2018 16:10
 -85.45000,10.14566,3333,19/02/2018 15:40,26/02/2018 16:20
 -85.44951,10.14919,3161,19/02/2018 16:00,26/02/2018 16:20
 -85.44872,10.15332,3340,19/02/2018 17:30,27/02/2018 09:10
 -85.45694,10.15267,3337,20/02/2018 08:50,27/02/2048 09:40
 -84.78172,09.98145,3336,21/02/2018 08:40,28/02/2018 09:00
 -84.77940,09.98289,3342,21/02/2018 09:00,28/02/2018 09:20
 -84.77421,09.98235,3163,21/02/2018 09:20,28/02/2018 09:40
 -84.76837,09.98222,3194,21/02/2018 09:50,28/02/2018 09:50
 -84.77615,09.98399,3171,21/02/2018 10:10,28/02/2018 10:10
 -84.76146,09.98152,3179,21/02/2018 10:40,28/02/2018 10:40
 -85.79463,10.41138,3170,20/02/2018 10:30,27/02/2018 11:30
 -85.79253,10.36335,3186,20/02/2018 11:20,27/02/2018 12:00
 -85.80980,10.35992,3169,20/02/2018 11:40,27/02/2018 13:40
 -85.61081,10.36146,3185,20/02/2018 12:10,27/02/2018 12:50
 -85.78718,10.35250,3339,20/02/2018 15:10,28/02/2018 08:40
 -85.79300,10.35029,3192,20/02/2018 15:30,28/02/2018 08:50
 -85.18695,10.31463,3165,20/02/2018 16:10,28/02/2018 09:30
 -85.79041,10.31251,3180,20/02/2018 16:30,28/02/2018 12:00
 -85.80135,10.30932,3335,20/02/2018 17:00,28/02/2018 13:00
 -85.80491,10.30718,3329,21/02/2018 08:20,28/02/2018 13:20
 -85.75852,10.45443,3164,21/02/2018 09:10,28/02/2018 14:10
 -85.72015,10.41573,3195,21/02/2018 09:40,28/02/2018 14:30
 -85.71822,10.41276,3181,21/02/2018 10:00,28/02/2018 14:40
 -85.77352,10.36576,3193,21/02/2018 12:20,28/02/2018 15:10
 -85.77676,10.36205,3168,21/02/2018 12:50,28/02/2018 15:30
 -85.77365,10.36948,3184,21/02/2018 13:10,28/02/2018 16:00
 -85.77983,10.43770,3188,20/02/2018 09:00,27/02/2018 10:20
 -85.78338,10.41174,3174,20/02/2018 09:40,27/02/2018 10:50
 -84.00089,09.89522,3187,23/02/2018 08:40,02/03/2018 11:40
 -84.52375,09.91133,3340,27/02/2018 12:50,06/03/2018 12:50
 -84.52270,09.91471,3176,27/02/2018 13:20,06/03/2018 13:20
 -84.52538,09.91074,3337,27/02/2018 14:00,06/03/2018 14:00
 -84.53197,09.91289,3333,27/02/2018 14:20,06/03/2018 14:20
 -84.54757,09.91743,3178,27/02/2018 15:00,06/03/2018 15:00
 -84.55474,09.90047,3161,27/02/2018 15:30,06/03/2018 15:30
 -84.55537,09.89425,3162,27/02/2018 16:00,06/03/2018 16:00
 -84.58173,09.85006,3172,27/02/2018 16:30,06/03/2018 16:30
 -84.50764,09.91247,3163,28/02/2018 12:10,08/03/2018 11:20
 -84.50461,09.91558,3194,28/02/2018 12:20,08/03/2018 11:30
 -84.50414,09.91708,3336,28/02/2018 12:40,08/03/2018 11:40
 -84.50343,09.91871,3342,28/02/2018 13:00,08/03/2018 11:50
 -84.49783,09.91989,3171,28/02/2018 13:20,08/03/2018 12:40
 -84.49142,09.92065,3179,28/02/2018 13:50,08/03/2018 12:50
 -85.52445,10.28230,3190,26/02/2018 12:40,05/03/2018 15:00
 -85.52544,10.28039,3177,26/02/2018 13:10,05/03/2018 15:50
 -85.52605,10.27961,3334,26/02/2018 13:30,05/03/2018 15:40
 -85.52717,10.28168,3330,26/02/2018 14:50,05/03/2018 16:00
 -85.52627,10.28322,3331,26/02/2018 15:10,05/03/2018 16:20
 -85.52449,10.28307,3173,26/02/2018 15:50,05/03/2018 16:30
 -85.70522,10.24565,3183,26/02/2018 17:00,05/03/2018 17:30
 -85.70210,10.24665,3332,26/02/2018 17:30,05/03/2018 17:55
 -85.69409,10.24331,3182,26/02/2018 18:00,05/03/2018 18:10
 -85.76212,10.08392,3169,27/02/2018 15:50,06/03/2018 16:20
 -85.76083,10.08527,3188,27/02/2018 16:10,06/03/2018 16:20
 -85.76366,10.08387,3170,27/02/2018 16:30,06/03/2018 16:50
 -85.76607,10.07111,3185,27/02/2018 17:10,07/03/2018 11:00
 -85.74008,10.03547,3174,27/02/2018 17:50,07/03/2018 11:50
 -85.73798,10.03090,3186,27/02/2018 18:20,07/03/2018 12:20
 -85.75900,10.21051,3165,28/02/2018 10:50,07/03/2018 13:20
 -85.75959,10.21279,3339,28/02/2018 11:20,07/03/2018 13:30
 -85.73341,10.23223,3192,28/02/2018 11:50,07/03/2018 13:40
 -85.58415,10.26004,3189,05/03/2018 12:00,12/03/2018 12:20
 -85.58231,10.25540,3180,05/03/2018 12:20,12/03/2018 14:40
 -85.57944,10.25884,3187,05/03/2018 14:00,12/03/2018 14:50
 -85.58440,10.26365,3193,05/03/2018 14:40,12/03/2018 15:00
 -85.58122,10.27129,3177,06/03/2018 08:50,13/03/2018 10:10
 -85.56985,10.26336,3182,06/03/2018 09:30,13/03/2018 10:30
 -85.56536,10.25628,3330,06/03/2018 09:50,13/03/2018 10:50
 -85.53873,10.22470,3334,06/03/2018 10:20,13/03/2018 11:10
 -85.55453,10.21883,3332,06/03/2018 10:50,13/03/2018 11:30
 -85.55724,10.21846,3173,06/03/2018 11:10,13/03/2018 11:40
 -85.53316,10.24177,3331,06/03/2018 11:50,13/03/2018 12:10
 -85.52500,10.28162,3190,06/03/2018 12:20,13/03/2018 12:30
 -85.52071,10.28351,3183,06/03/2018 13:00,13/03/2018 13:00
 -85.58571,10.26604,3188,07/03/2018 09:00,14/03/2018 09:00
 -85.58784,10.26349,3169,07/03/2018 09:20,14/03/2018 09:30
 -85.58812,10.26058,3170,07/03/2018 09:40,14/03/2018 09:40
 -84.20145,10.05697,3340,07/03/2018 08:30,14/03/2018 09:20
 -84.19862,10.06054,3337,07/03/2018 08:50,14/03/2018 09:50
 -84.19394,10.07419,3333,07/03/2018 09:20,14/03/2018 10:20
 -84.20181,10.07997,3178,07/03/2018 10:00,14/03/2018 10:50
 -84.18847,10.08919,3161,07/03/2018 10:30,14/03/2018 11:20
 -84.19740,10.11324,3162,07/03/2018 11:10,14/03/2018 11:40
 -84.20795,10.01721,3167,08/03/2018 09:20,16/03/2018 09:30
 -84.20859,10.01865,3176,08/03/2018 09:40,16/03/2018 09:40
 -84.20676,10.02250,3172,08/03/2018 10:20,16/03/2018 09:50
 -84.20625,10.02572,3191,08/03/2018 10:50,16/03/2018 10:00
 -84.21059,10.02054,3335,08/03/2018 11:20,16/03/2018 10:20
 -84.21229,10.01893,3329,08/03/2018 12:10,16/03/2018 10:40
 -84.21131,10.01522,3175,08/03/2018 12:30,16/03/2018 10:50
 -84.20467,10.01516,3166,08/03/2018 13:00,16/03/2018 11:00
 -85.58700,10.26310,3195,12/03/2018 12:10,20/03/2018 13:30
 -85.58510,10.26673,3164,12/03/2018 12:30,20/03/2018 14:00
 -85.63492,10.27267,3184,12/03/2018 13:20,20/03/2018 14:30
 -85.64279,10.27079,3189,12/03/2018 13:50,20/03/2018 14:50
 -85.67462,10.27387,3181,12/03/2018 14:20,20/03/2018 15:50
 -85.70544,10.26819,3168,12/03/2018 14:40,20/03/2018 16:20
 -85.64769,10.26762,3190,13/03/2018 14:10,20/03/2018 15:30
 -85.71237,10.25902,3330,13/03/2018 14:40,20/03/2018 16:20
 -85.71864,10.25373,3332,13/03/2018 15:10,20/03/2018 16:30
 -85.80482,10.30496,3182,13/03/2018 16:00,20/03/2018 16:50
 -85.80663,10.30801,3173,13/03/2018 16:30,20/03/2018 17:00
 -85.80792,10.30774,3183,13/03/2018 16:50,20/03/2018 17:10
 -85.80024,10.32510,3177,13/03/2018 17:10,20/03/2018 17:30
 -85.78024,10.35607,3334,13/03/2018 17:50,20/03/2018 17:50
 -85.77558,10.36788,3331,13/03/2018 18:10,20/03/2018 18:10
 -85.58439,10.26204,3188,14/03/2018 09:50,21/03/2018 10:20
 -85.58762,10.26155,3170,14/03/2018 10:40,21/03/2018 10:40
 -84.25938,09.74274,3185,12/03/2018 10:40,19/03/2018 12:10
 -84.25848,09.74673,3336,12/03/2018 11:00,19/03/2018 12:20
 -84.27306,09.72439,3342,12/03/2018 11:40,19/03/2018 12:30
 -84.28538,09.71556,3186,12/03/2018 12:10,19/03/2018 12:50
 -84.28258,09.71796,3174,12/03/2018 12:40,19/03/2018 13:00
 -84.28732,09.71926,3339,12/03/2018 13:00,19/03/2018 13:20
 -84.32198,09.91002,3337,15/03/2018 09:50,22/03/2018 11:30
 -84.32061,09.90893,3340,15/03/2018 10:10,22/03/2018 11:40
 -84.31731,09.90846,3161,15/03/2018 10:20,22/03/2018 11:40
 -84.31595,09.90773,3162,15/03/2018 11:00,22/03/2018 11:50
 -84.32619,09.91128,3178,15/03/2018 11:40,22/03/2018 12:00
 -84.33835,09.91077,3333,15/03/2018 12:00,22/03/2018 12:20
 -85.09094,10.42376,3165,20/03/2018 09:30,03/04/2018 16:10
 -85.08894,10.42506,3192,20/03/2018 10:10,03/04/2018 16:20
 -85.08721,10.42560,3171,20/03/2018 10:30,03/04/2018 16:40
 -85.08751,10.42797,3179,20/03/2018 11:10,03/04/2018 17:00
 -85.09251,10.42430,3194,20/03/2018 11:30,03/04/2018 17:20
 -85.25499,10.53300,3181,21/03/2018 12:50,03/04/2018 14:30
 -85.25350,10.52780,3331,21/03/2018 13:40,03/04/2018 14:40
 -85.25341,10.52535,3168,21/03/2018 14:00,03/04/2018 14:00
 -85.25579,10.52318,3182,21/03/2018 15:00,03/04/2018 15:10
 -85.25602,10.52575,3189,21/03/2018 15:20,03/04/2018 15:20
 -85.25643,10.52752,3195,21/03/2018 15:40,03/04/2018 15:30
 -85.25299,10.52980,3332,21/03/2018 16:10,03/04/2018 15:40
 -85.08128,10.43310,3177,21/03/2018 16:50,04/04/2018 08:10
 -85.07722,10.43299,3190,21/03/2018 17:20,04/04/2018 08:20
 -85.07550,10.43387,3164,21/03/2018 17:40,04/04/2018 08:30
 -85.09725,10.43023,3188,22/03/2018 08:00,04/04/2018 08:50
 -84.94456,10.26237,3170,22/03/2018 09:00,04/04/2018 09:40
 -84.94258,10.25951,3334,22/03/2018 09:30,04/04/2018 09:50
 -83.44672,09.20621,3336,20/03/2018 09:00,03/04/2018 11:20
 -83.44961,09.20776,3342,20/03/2018 09:10,03/04/2018 11:30
 -83.45178,09.20514,3339,20/03/2018 09:30,03/04/2018 11:50
 -83.45487,09.21323,3185,20/03/2018 09:50,03/04/2018 12:00
 -83.46446,09.19660,3174,20/03/2018 10:10,03/04/2018 12:20
 -83.46980,09.20161,3186,20/03/2018 10:30,03/04/2018 12:30
 -83.56451,09.25294,3163,20/03/2018 11:30,03/04/2018 13:30
 -83.57729,09.27273,3167,20/03/2018 11:50,03/04/2018 13:40
 -83.63566,09.26837,3172,20/03/2018 12:40,03/04/2018 14:00
 -83.65311,09.29364,3166,20/03/2018 13:10,03/04/2018 14:20
 -83.66386,09.31593,3175,20/03/2018 13:30,03/04/2018 14:30
 -83.72598,09.35193,3176,20/03/2018 14:40,03/04/2018 15:10
 -83.73592,09.33875,3329,20/03/2018 15:00,03/04/2018 15:30
 -83.75488,09.32487,3335,20/03/2018 15:20,03/04/2018 15:50
 -84.06979,09.89833,3184,02/04/2018 10:30,10/04/2018 11:20
 -84.06821,09.89005,3162,02/04/2018 11:20 ,10/04/2018 11:10
 -84.07293,09.88076,3183,02/04/2018 11:50,10/04/2018 10:50
 -84.07619,09.87530,3330,02/04/2018 12:30,10/04/2018 10:30
 -84.07735,09.87271,3333,02/04/2018 13:20,10/04/2018 10:10
 -84.07908,09.88556,3340,02/04/2019 14:10,10/04/2018 09:50
 -84.06656,09.89526,3337,02/04/2018 11:20,10/04/2018 10:00
 -84.06867,09.89360,3178,02/04/2018 11:40,10/04/2018 09:50
 -84.06829,09.89113,3161,02/04/2018 12:20,10/04/2018 09:40
 -84.06577,09.88940,3191,02/04/2018 12:50,10/04/2018 09:30
 -84.06998,09.89841,3173,02/04/2018 13:30,10/04/2018 09:10
 -84.03007,09.87327,3177,05/04/2018 08:40,13/04/2018 10:30
 -84.02132,09.87557,3195,05/04/2018 09:30,13/04/2018 10:50
 -84.03198,09.87501,3170,05/04/2018 10:10,13/04/2018 10:40
 -84.03369,09.88084,3179,05/04/2018 10:40,13/04/2018 11:00
 -84.03445,09.88362,3334,05/04/2018 11:00,12/04/2018 14:00
 -84.03148,09.88523,3332,05/04/2018 11:20,12/04/2018 13:10
 -84.03754,09.88078,3165,05/04/2018 12:00,12/04/2018 13:50
 -84.04044,09.89057,3171,05/04/2018 12:40,12/04/2018 13:30
 -84.04678,09.89281,3192,05/04/2018 13:00,12/04/2018 13:20
 -84.06810,09.89792,3186,05/04/2018 09:20,13/04/2018 10:00
 -84.07232,09.89716,3339,05/04/2018 10:00,13/04/2018 10:10
 -84.07365,09.89186,3342,05/04/2018 10:30,13/04/2018 10:20
 -84.07007,09.88839,3166,05/04/2018 11:00,13/04/2018 12:00
 -84.06581,09.88874,3176,05/04/2018 12:00,13/04/2018 11:50
 -84.06135,09.89209,3172,05/04/2018 12:40,13/04/2018 11:30
 -84.08300,09.88074,3336,05/04/2018 13:50,13/04/2018 10:40
 -84.08640,09.87616,3335,05/04/2018 14:30,13/04/2018 10:40
 -84.07108,09.89902,3194,06/04/2018 10:10,13/04/2018 12:10
 -84.07186,09.90350,3185,06/04/2018 10:50,13/04/2018 12:30
 -83.93284,09.84426,3189,09/04/2018 09:10,16/04/2018 11:10
 -83.93109,09.84013,3182,09/04/2018 09:40,16/04/2018 11:30
 -83.93362,09.84234,3181,09/04/2018 10:10,16/04/2018 11:40
 -83.93889,09.84226,3163,09/04/2018 10:30,16/04/2018 11:50
 -83.94214,09.83884,3174,09/04/2018 11:00,16/04/2018 11:00
 -83.94697,09.83943,3188,09/04/2018 11:30,16/04/2018 12:20
 -84.08376,09.87771,3193,10/04/2018 09:20,19/04/2018 10:20
 -84.08407,09.87615,3329,10/04/2018 09:40,19/04/2018 10:30
 -84.04433,09.96676,3183,12/04/2018 10:30,19/04/2018 11:00
 -84.04035,09.96598,3337,12/04/2018 11:00,19/04/2018 11:20
 -84.22661,10.00918,3190,09/04/2018 09:40,18/04/2018 10:50
 -84.22369,10.00882,3331,09/04/2018 10:10,18/04/2018 11:00
 -84.22109,10.01146,3164,09/04/2018 10:40,18/04/2018 11:10
 -84.21991,10.01081,3168,09/04/2018 10:50,18/04/2018 11:20
 -84.22086,10.00765,3187,09/04/2018 11:20,18/04/2018 11:30
 -84.21696,10.00490,3167,09/04/2018 11:40,18/04/2018 11:40
 -84.21816,10.00259,3180,09/04/2018 12:00,18/04/2018 12:00
 -84.21370,10.00354,3169,09/04/2018 12:20,18/04/2018 11:50
 -84.03319,09.96474,3173,12/04/2018 11:20,19/04/2018 11:40
 -84.03273,09.97020,3191,12/04/2018 11:50,19/04/2018 12:00
 -84.03346,09.97833,3184,12/04/2018 12:20,19/04/2018 12:30
 -84.03003,09.98454,3178,12/04/2018 12:40,19/04/2018 12:50
 -83.05100,09.02826,3163,17/04/2018 09:00,24/04/2018 09:20
 -83.05189,09.02525,3188,17/04/2018 09:30,24/04/2018 09:50
 -83.05385,09.02445,3174,17/04/2018 10:00,24/04/2018 10:10
 -83.06173,09.02344,3182,17/04/2018 10:30,24/04/2018 10:40
 -83.08110,09.00857,3189,17/04/2018 10:50,24/04/2018 11:00
 -83.08248,09.00612,3181,17/04/2018 11:10,24/04/2018 11:20
 -83.40128,09.17233,3339,17/04/2018 12:40,24/04/2018 15:40
 -83.40373,09.17208,3186,17/04/2018 12:50,24/04/2018 15:50
 -83.40646,09.16971,3330,17/04/2018 13:20,24/04/2018 16:00
 -83.40719,09.16885,3336,17/04/2018 13:40,24/04/2018 16:10
 -83.40681,09.16678,3342,17/04/2018 14:00,24/04/2018 16:20
 -83.41007,09.16914,3335,17/04/2018 14:20,24/04/2018 16:30
 -85.02101,10.48789,3165,16/04/2018 12:30,24/04/2018 09:30
 -85.01993,10.48989,3185,16/04/2018 13:00,24/04/2018 09:50
 -85.02015,10.49116,3172,16/04/2018 14:10,24/04/2018 10:20
 -85.02388,10.49183,3192,16/04/2018 14:40,24/04/2018 10:50
 -85.02654,10.49236,3177,16/04/2018 15:00,24/04/2018 11:10
 -85.02088,10.48923,3332,16/04/2018 16:00,24/04/2018 11:30
 -84.92015,10.49979,3333,17/04/2018 10:10,24/04/2018 13:10
 -84.91804,10.49995,3179,17/04/2018 10:40,24/04/2018 13:40
 -84.92333,10.50337,3162,17/04/2018 11:10,24/04/2018 14:10
 -84.92206,10.50117,3166,17/04/2018 11:30,24/04/2018 14:20
 -84.92413,10.49961,3194,17/04/2018 12:10,24/04/2018 14:40
 -84.92841,10.49957,3176,17/04/2018 12:30,24/04/2018 14:50
 -84.89761,10.54541,3171,17/04/2018 14:20,24/04/2018 15:30
 -84.90054,10.54478,3340,17/04/2018 15:00,24/04/2018 15:40
 -84.89891,10.54299,3170,17/04/2018 15:30,24/04/2018 16:00
 -84.89768,10.54044,3195,17/04/2018 16:00,24/04/2018 16:50
 -84.88742,10.54207,3161,17/04/2018 17:10,24/04/2018 17:10
 -84.88538,10.54083,3334,17/04/2018 17:30,24/04/2018 17:30
 -83.05974,08.86891,3168,23/04/2018 14:00,02/05/2018 14:30
 -83.05657,08.86835,3169,23/04/2018 14:20,02/05/2018 14:40
 -83.05545,08.86530,3164,23/04/2018 14:50,02/05/2018 15:00
 -83.04986,08.85775,3167,23/04/2018 15:20,02/05/2018 15:10
 -83.04792,08.85315,3183,23/04/2018 15:40,02/05/2018 15:40
 -83.04566,08.84892,3190,23/04/2018 16:10,02/05/2018 15:50
 -83.32660,08.99929,3181,24/04/2018 14:20,03/05/2018 09:50
 -83.32665,08.99787,3174,24/04/2018 14:40,03/05/2018 10:10
 -83.32897,09.00378,3188,24/04/2018 15:00,03/05/2018 10:30
 -83.33347,09.16006,3339,25/04/2018 08:50,03/05/2018 07:30
 -83.33614,09.17354,3186,25/04/2018 09:20,03/05/2018 07:50
 -83.33113,09.17550,3335,25/04/2018 10:00,03/05/2018 08:00
 -83.33270,09.17305,3336,25/04/2018 10:20,03/05/2018 08:20
 -83.33392,09.17139,3342,25/04/2018 10:40,03/05/2018 08:30
 -83.34077,09.16692,3330,25/04/2018 11:00,03/05/2018 08:40
 -84.71427,11.03205,3187,23/04/2018 11:30,02/05/2018 11:20
 -84.71723,11.03144,3193,23/04/2018 11:50,02/05/2018 11:20
 -84.71729,11.03292,3180,23/04/2018 12:20,02/05/2018 11:30
 -84.71046,11.03828,3178,23/04/2018 12:50,02/05/2018 11:30
 -84.71511,11.03268,3337,23/04/2018 14:20,02/05/2018 11:40
 -84.67740,10.98220,3191,23/04/2018 15:10,02/05/2018 11:50
 -84.96033,10.83885,3184,23/04/2018 16:30,02/05/2018 12:50
 -84.96148,10.85232,3173,23/04/2018 17:00,02/05/2018 12:50
 -84.96677,10.86207,3329,23/04/2018 17:20,02/05/2018 13:00
 -84.97167,10.86946,3331,23/04/2018 17:50,02/05/2018 13:10
 -85.01981,10.89936,3332,25/04/2018 08:50,02/05/2018 13:40
 -85.01591,10.89972,3195,25/04/2018 09:10,02/05/2018 13:50
 -85.01578,10.89785,3192,25/04/2018 09:30,02/05/2018 14:00
 -84.97417,10.87322,3333,25/04/2018 10:00,02/05/2018 13:20
 -84.96883,10.88749,3177,25/04/2018 10:30,02/05/2018 13:30
 -83.93087,09.87615,3194,30/04/2018 09:10,09/05/2018 09:00
 -83.92683,09.87844,3166,30/04/2018 09:30,09/05/2018 09:10
 -83.92746,09.88156,3172,30/04/2018 10:00,09/05/2018 09:20
 -83.92921,09.88696,3162,30/04/2018 10:20,09/05/2018 09:30
 -83.93235,09.88515,3179,30/04/2018 10:50,09/05/2018 09:40
 -83.93269,09.87903,3170,30/04/2018 11:40,09/05/2018 10:00
 -83.94714,09.84505,3340,30/04/2018 13:10,09/05/2018 10:20
 -83.94788,09.84172,3171,30/04/2018 13:30,09/05/2018 10:30
 -83.93998,09.84355,3334,30/04/2018 14:20,09/05/2018 10:40
 -84.38947,10.18540,3343,30/04/2018 09:50,07/05/2018 12:00
 -84.38912,10.18821,3185,30/04/2018 10:30,07/05/2018 12:10
 -84.39695,10.07184,3341,30/04/2018 11:20,07/05/2018 14:20
 -84.39696,10.07047,3165,30/04/2018 11:50,07/05/2018 14:40
 -84.39233,10.07326,3189,30/04/2018 12:10,07/05/2018 14:10
 -84.38902,10.07390,3163,30/04/2018 12:30,07/05/2018 14:00
 -84.37822,10.08110,3161,30/04/2018 12:50,07/05/2018 13:40
 -84.37130,10.08623,3338,30/04/2018 13:20,07/05/2018 13:50
 -84.31007,10.07121,3176,30/04/2018 14:00,07/05/2018 15:10
 -84.31240,10.06961,3182,30/04/2018 14:20,07/05/2018 15:20
 -84.47925,10.52700,3181,09/05/2018 11:00,16/05/2018 11:30
 -84.48092,10.52859,3187,09/05/2018 11:20,16/05/2018 12:00
 -84.48061,10.52952,3169,09/05/2018 11:50,16/05/2018 12:25
 -84.48056,10.53025,3190,09/0/2018 12:10,16/05/2018 12:50
 -84.47851,10.53222,3174,09/05/2018 12:30,16/05/2018 13:10
 -84.64613,10.46986,3330,09/05/2018 14:30,16/05/2018 15:30
 -84.66204,10.46725,3186,09/05/2018 15:10,16/05/2018 16:00
 -84.64709,10.47188,3188,09/05/2018 16:10,16/05/2018 16:20
 -84.64104,10.46632,3164,09/05/2018 17:00,17/05/2018 9:10
 -84.64588,10.47419,3331,10/05/2018 08:30,17/05/2018 9:20
 -84.64469,10.47595,3183,10/05/2018 08:50,17/05/2018 9:40
 -84.63969,10.47211,3168,10/05/2018 09:30,17/05/2018 10:00
 -84.63464,10.47353,3339,10/05/2018 10:10,17/05/2018 10:10
 -84.03741,09.79313,3178,07/05/2018 10:20,16/05/2018 11:40
 -84.03926,09.79323,3177,07/05/2018 10:40,16/05/2018 11:30
 -84.03914,09.79062,3192,07/05/2018 11:00,16/05/2018 11:20
 -84.04268,09.78801,3193,07/05/2018 11:30,16/05/2018 11:10
 -84.04697,09.78384,3342,07/05/2018 11:40,16/05/2018 11:00
 -84.04816,09.78416,3335,07/05/2018 12:00,16/05/2018 10:40
 -84.05203,09.78083,3195,07/05/2018 12:30,16/05/2018 10:30
 -84.05830,09.77612,3191,07/05/2018 12:40,16/05/2018 10:20
 -84.43330,10.32722,3173,15/05/2018 11:30,22/05/2018 12:30
 -84.42975,10.32979,3194,15/05/2018 12:00,22/05/2018 12:50
 -84.42622,10.33957,3336,15/05/2018 12:40,22/05/2018 13:30
 -84.42715,10.34528,3171,15/05/2018 12:50,22/05/2018 13:40
 -84.43108,10.34084,3176,15/05/2018 13:10,22/05/2018 14:00
 -84.47194,10.35994,3185,15/05/2018 14:40,22/05/2018 16:40
 -84.47467,10.36348,3167,15/05/2018 15:00,22/05/2018 16:50
 -84.47629,10.36798,3332,15/05/2018 15:20,22/05/2018 17:00
 -84.47386,10.37396,3161,15/05/2018 15:40,22/05/2018 17:10
 -84.47734,10.38506,3165,15/05/2018 16:10,22/05/2018 17:20
 -84.47235,10.40265,3182,16/05/2018 09:50,23/05/2018 10:20
 -84.47262,10.40884,3163,16/05/2018 10:10,23/05/2018 10:30
 -84.46776,10.41844,3189,16/05/2018 10:40,23/05/2018 10:40
 -83.47324,08.85871,3172,14/05/2018 13:50,22/05/2018 09:20
 -83.47315,08.85997,3170,14/05/2018 14:10,22/05/2018 09:30
 -83.47084,08.86348,3337,14/05/2018 14:50,22/05/2018 09:40
 -83.47064,08.86799,3166,14/05/2018 15:10,22/05/2018 09:50
 -83.47027,08.87016,3184,14/05/2018 15:40,22/05/2018 10:00
 -83.47131,08.87441,3180,14/05/2018 16:10,22/05/2018 10:20
 -83.45307,08.96168,3341,15/05/2018 08:30,22/05/2018 11:00
 -83.44997,08.96171,3162,15/05/2018 08:50,22/05/2018 11:20
 -83.45152,08.96021,3343,15/05/2018 09:20,22/05/2018 09:30
 -83.45318,08.95967,3340,15/05/2018 09:40,22/05/2018 11:50
 -83.45625,08.95969,3334,15/05/2018 10:20,22/05/2018 12:00
 -83.45726,08.96066,3338,15/05/2018 10:40,22/05/2018 12:10
 -83.32094,08.99971,3329,15/05/2018 11:40,22/05/2018 14:30
 -83.32368,09.00200,3333,15/05/2018 12:10,22/05/2018 14:40
 -83.32372,09.00419,3179,15/05/2018 12:50,22/05/2018 14:50
 -84.33955,10.37368,3169,21/05/2018 09:40,29/05/2018 16:10
 -84.34155,10.37134,3181,21/05/2018 10:00,29/05/2018 16:20
 -84.34103,10.36663,3164,21/05/2018 10:20,29/05/2018 16:30
 -84.34595,10.36224,3174,21/05/2018 10:40,29/05/2018 16:50
 -84.34628,10.37273,3339,21/05/2018 10:50,30/05/2018 10:20
 -84.43314,10.32275,3168,21/05/2018 11:40,30/05/2018 15:10
 -84.43818,10.32293,3186,21/05/2018 12:00,30/05/2018 15:30
 -84.43402,10.33379,3187,21/05/2018 12:20,30/05/2018 14:20
 -84.43517,10.33800,3331,21/05/2018 12:40,30/05/2018 14:10
 -84.42777,10.34253,3330,21/05/2018 13:10,30/05/2018 13:40
 -84.42735,10.34659,3183,21/05/2018 13:30,30/05/2018 13:20
 -84.42959,10.32340,3194,22/05/2018 15:00,30/05/2018 15:00
 -84.42974,10.32583,3171,22/05/2018 15:30,30/05/2018 14:50
 -84.43076,10.33087,3336,22/05/2018 15:50,30/05/2018 14:30
 -84.43164,10.33867,3176,22/05/2018 16:20,30/05/2018 13:50
 -84.43394,10.34848,3173,22/05/2018 16:50,30/05/2018 13:00
 -83.58107,09.29050,3177,21/05/2018 11:30,28/05/2018 14:40
 -83.58140,09.29978,3192,21/05/2018 11:50,28/05/2018 15:00
 -83.57612,09.30225,3193,21/05/2018 12:10,28/05/2018 15:10
 -83.56922,09.29703,3188,21/05/2018 12:40,28/05/2018 15:10
 -83.57922,09.31830,3195,21/05/2018 13:10,28/05/2018 15:30
 -83.57019,09.33204,3190,21/05/2018 13:30,28/05/2018 15:30
 -83.65778,09.42284,3191,21/05/2018 15:30,28/05/2018 16:00
 -83.64780,09.42843,3342,21/05/2018 16:10,28/05/2018 16:40
 -83.63567,09.43373,3178,21/05/2018 16:30,28/05/2018 16:50
 -83.60851,09.45192,3335,21/05/2018 17:20,28/05/2018 17:50
 -83.69120,09.37910,3179,23/05/2018 08:10,30/05/2018 08:50
 -83.65519,09.43470,3329,23/05/2018 08:40,30/05/2018 09:10
 -83.66068,09.41649,3333,23/05/2018 09:00,30/05/2018 09:20
 -84.00488,10.45336,3180,29/05/2018 09:00,05/06/2018 11:10
 -84.00491,10.45587,3170,29/05/2018 09:20,05/06/2018 11:20
 -84.00613,10.45692,3185,29/05/2018 09:40,05/06/2018 11:40
 -84.02332,10.45358,3166,29/05/2018 10:10,05/06/2018 13:10
 -84.02641,10.45312,3162,29/05/2018 10:40,05/06/2018 13:20
 -84.27702,10.44485,3182,29/05/2018 11:30,05/06/2018 14:10
 -84.27247,10.45100,3161,29/05/2018 12:10,05/06/2018 14:20
 -84.27378,10.45778,3163,29/05/2018 13:20,05/06/2018 14:30
 -84.26256,10.46475,3172,29/05/2018 14:00,05/06/2018 14:40
 -84.26273,10.45537,3338,29/05/2018 14:20,05/06/2018 14:50
 -84.27649,10.45900,3165,29/05/2018 15:20,05/06/2018 15:20
 -84.28739,10.45971,3337,29/05/2018 15:50,05/06/2018 15:50
 -84.33175,10.37401,3181,30/05/2018 08:30,06/06/2018 09:50
 -84.32826,10.37388,3164,30/05/2018 09:00,06/06/2018 09:55
 -84.32108,10.37458,3174,30/05/2018 09:40,06/06/2018 10:00
 -84.27699,10.44903,3169,30/05/2018 10:20,06/06/2018 10:20
 -84.01994,09.66292,3343,28/05/2018 10:00,04/06/2018 10:50
 -84.01907,09.65918,3341,28/05/2018 10:20,04/06/2018 12:40
 -84.01794,09.65862,3332,28/05/2018 10:30,04/06/2018 12:50
 -84.01614,09.65848,3184,28/05/2018 10:50,04/06/2018 13:00
 -84.01167,09.65771,3167,28/05/2018 11:20,04/06/2018 13:10
 -84.00737,09.65543,3340,28/05/2018 11:40,04/06/2018 13:20
 -84.00208,09.65491,3334,28/05/2018 12:10,04/06/2018 13:30
 -84.00407,09.65463,3189,28/05/2018 11:50,04/06/2018 13:40
 -83.70230,09.37319,3188,29/05/2018 09:10,05/06/2018 09:10
 -83.69849,09.37178,3178,29/05/2018 09:40,05/06/2018 09:40
 -83.69141,09.37825,3192,29/05/2018 10:00,05/06/2018 10:10
 -83.67899,09.39545,3190,29/05/2018 10:30,05/06/2018 10:30
 -83.67132,09.40261,3193,29/05/2018 10:40,05/06/2018 10:50
 -83.66019,09.41744,3335,29/05/2018 11:00,05/06/2018 11:10
 -83.63692,09.43352,3195,29/05/2018 11:30,05/06/2018 11:40
 -83.79198,10.21296,3176,04/06/2018 10:50,11/06/2018 14:30
 -83.79474,10.21256,3171,04/06/2018 11:10,11/06/2018 14:50
 -83.95198,10.33493,3168,04/06/2018 12:20,11/06/2018 15:40
 -83.95823,10.34066,3342,04/06/2018 12:40,11/06/2018 16:00
 -83.96799,10.33926,3175,04/06/2018 13:00,11/06/2018 16:10
 -83.95835,10.34926,3336,04/06/2018 13:20,12/06/2018 11:20
 -83.95431,10.35377,3183,04/06/2018 13:40,12/06/2018 11:40
 -83.93732,10.35076,3173,04/06/2018 14:10,12/06/2018 11:50
 -83.92120,10.34765,3194,04/06/2018 14:20,12/06/2018 12:10
 -83.91510,10.33100,3186,04/06/2018 14:50,12/06/2018 12:20
 -84.00789,10.45639,3180,05/06/2018 12:40,12/06/2018 13:00
 -84.00911,10.45381,3185,05/06/2018 13:10,12/06/2018 13:10
 -84.01185,10.45224,3170,05/06/2018 13:30,12/06/2018 13:50
 -84.00044,09.65503,3187,04/06/2018 09:20,12/06/2018 15:55
 -84.01891,09.66058,3329,04/06/2018 09:40,12/06/2018 15:40
 -84.02163,09.66118,3179,04/06/2018 10:20,12/06/2018 15:40
 -84.02134,09.65804,3177,04/06/2018 10:50,12/06/2018 15:30
 -84.02103,09.65653,3343,04/06/2018 11:30,12/06/2018 15:25
 -84.02187,09.65299,3339,04/06/2018 11:50,12/06/2018 15:20
 -84.02715,09.65138,3333,04/06/2018 12:10,12/06/2018 15:10
 -84.03000,09.65017,3331,04/06/2018 12:30,12/06/2018 15:00
 -84.26218,09.86061,3189,06/06/2018 09:40,13/06/2018 13:50
 -84.26141,09.86181,3195,06/06/2018 10:00,13/06/2018 14:05
 -84.26078,09.86220,3340,06/06/2018 10:20,13/06/2018 14:10
 -84.26470,09.85982,3192,06/06/2018 10:50,13/06/2018 14:20
 -84.26317,09.86026,3335,06/06/2018 11:20,13/06/2018 14:30
 -84.26205,09.86171,3193,06/06/2018 11:40,13/06/2018 14:35
 -84.26006,09.86528,3334,06/06/2018 12:20,13/06/2018 14:40
 -84.26806,09.86512,3332,06/06/2018 12:40,13/06/2018 14:50
 -84.25927,09.74475,3190,07/06/2018 10:40,14/06/2018 10:50
 -84.25930,09.74308,3167,07/06/2018 11:10,14/06/2018 11:10
 -84.26255,09.73963,3184,07/06/2018 11:30,14/06/2018 11:30
 -83.73204,10.36254,3164,11/06/2018 10:10,18/06/2018 13:00
 -83.73053,10.36541,3169,11/06/2018 10:40,18/06/2018 13:10
 -83.73576,10.37138,3181,11/06/2018 11:00,18/06/2018 13:20
 -83.73983,10.37032,3174,11/06/2018 11:20,18/06/2018 11:40
 -83.74393,10.37318,3188,11/06/2018 11:40,18/06/2018 13:50
 -83.74866,10.37583,3163,11/06/2018 12:00,18/06/2018 13:55
 -83.74985,10.36880,3330,11/06/2018 12:20,18/06/2018 14:00
 -83.74762,10.36610,3178,11/06/2018 12:50,18/06/2018 14:10
 -83.79502,10.21609,3341,11/06/2018 15:30,18/06/2018 17:10
 -83.79488,10.22423,3175,12/06/2018 09:10,19/06/2018 14:30
 -83.78833,10.22438,3171,12/06/2018 09:40,19/06/2018 15:20
 -83.78386,10.22922,3168,12/06/2018 10:10,19/06/2018 15:00
 -83.78514,10.23712,3176,12/06/2018 10:30,19/06/2018 14:50
 -83.78855,10.24157,3342,12/06/2018 11:10,19/06/2018 14:40
 -84.59904,09.89916,3166,12/06/2018 09:30,19/06/2018 11:30
 -84.60844,09.89399,3337,12/06/2018 10:00,19/06/2018 11:50
 -84.59979,09.90269,3338,12/06/2018 10:20,19/06/2018 12:20
 -84.60718,09.90360,3182,12/06/2018 10:50,19/06/2018 12:40
 -84.31690,09.84841,3161,12/06/2018 12:30,20/06/2018 09:00
 -84.31393,09.84865,3162,12/06/2018 12:50,20/06/2018 09:10
 -84.30998,09.84951,3165,12/06/2018 13:00,20/06/2018 09:20
 -84.29607,09.85297,3172,12/06/2018 13:30,20/06/2018 09:40
 -84.33966,09.87692,3177,13/06/2018 10:30,20/06/2018 10:30
 -84.32053,09.84150,3339,13/06/2018 11:20,20/06/2018 11:20
 -84.32945,09.82514,3329,13/06/2018 11:50,20/06/2018 11:50
 -84.35681,09.81264,3343,13/06/2018 12:10,20/06/2018 13:20
 -84.32689,09.81045,3187,13/06/2016 12:40,20/06/2018 13:30
 -84.31674,09.83594,3179,13/06/2018 13:10,20/06/2018 13:50
 -84.31354,09.84231,3331,13/06/2018 13:30,20/06/2018 14:00
 -84.30955,09.84664,3333,13/06/2018 14:00,20/06/2018 14:10
 -84.42045,09.99144,3189,18/06/2018 09:40,28/06/2018 09:20
 -84.42314,09.99199,3167,18/06/2018 10:00,28/06/2018 09:25
 -84.42507,09.99273,3184,18/06/2018 10:20,28/06/2018 09:30
 -84.42587,09.99561,3170,18/06/2018 10:40,28/06/2018 09:40
 -84.42920,09.99778,3195,18/06/2018 11:00,28/06/2018 09:50
 -84.42999,09.99977,3193,18/06/2018 11:10,28/06/2018 10:00
 -84.18356,10.00594,3185,18/06/2018 12:40,26/06/2018 09:50
 -84.71477,10.00954,3334,18/06/2018 13:10,26/06/2018 09:40
 -84.18477,10.00266,3190,18/06/2018 13:50,26/06/2018 10:10
 -84.52256,09.91399,3332,19/06/2018 10:10,27/06/2018 10:20
 -84.52352,09.91368,3340,19/06/2018 10:40,27/06/2018 10:30
 -84.52206,09.91258,3335,19/06/2018 11:20,27/06/2018 10:10
 -84.52445,09.91348,3338,19/06/2018 13:20,27/06/2018 10:40
 -84.52459,09.91234,3337,19/06/2018 13:40,27/06/2018 10:50
 -84.52438,09.90997,3166,19/06/2018 14:00,27/06/2018 11:00
 -83.74967,10.27554,3173,18/06/2018 11:20,25/06/2018 13:10
 -83.74874,10.28234,3183,18/06/2018 11:40,25/06/2018 13:30
 -83.74376,10.28549,3180,18/06/2018 11:50,25/06/2018 13:50
 -83.72935,10.28353,3186,18/06/2018 12:10,25/06/2018 14:00
 -83.72229,10.28005,3192,18/06/2018 12:40,25/06/2018 14:10
 -83.72965,10.30670,3194,18/06/2018 13:10,25/06/2018 14:40
 -83.78394,10.28005,3164,19/06/2018 11:00,26/06/2018 11:20
 -83.78374,10.28232,3341,19/06/2018 11:20,26/06/2018 11:50
 -83.77694,10.27947,3169,19/06/2018 11:40,26/06/2018 12:20
 -83.77792,10.27211,3181,19/06/2018 12:10,26/06/2018 12:40
 -83.78787,10.27858,3163,19/06/2018 12:20,26/06/2018 13:30
 -83.79383,10.28135,3188,19/06/2018 12:40,26/06/2018 13:40
 -83.65677,10.30688,3174,19/06/2018 13:20,26/06/2018 16:10
 -83.63531,10.30711,3330,19/06/2018 13:50,26/06/2018 16:00
 -83.62934,10.30489,3178,19/06/2018 14:00,26/06/2018 15:50
 -83.81522,10.24546,3168,25/06/2018 09:20,02/07/2018 13:50
 -83.80109,10.24357,3175,25/06/2018 10:10,02/07/2018 14:00
 -83.79754,10.24473,3171,25/06/2018 10:40,02/07/2018 14:10
 -83.79574,10.24990,3342,25/06/2018 11:00,02/07/2018 14:10
 -83.79565,10.25989,3329,25/06/2018 11:40,02/07/2018 14:20
 -83.80421,10.25350,3333,25/06/2018 12:30,02/07/2018 14:30
 -83.78797,10.28246,3173,25/06/2018 15:50,02/07/2018 15:50
 -83.78474,10.28860,3183,25/06/2018 16:20,02/07/2018 16:20
 -83.50965,10.09885,3180,26/06/2018 09:10,03/07/2018 11:50
 -83.51387,10.09685,3194,26/06/2018 09:40,03/07/2018 12:00
 -83.51204,10.09457,3186,26/06/2018 10:10,03/07/2018 12:10
 -83.50927,10.09466,3192,26/06/2018 10:30,03/07/2018 12:10
 -83.62531,10.30589,3169,26/06/2018 15:00,03/07/2018 16:00
 -83.62128,10.31595,3164,26/06/2018 15:20,03/07/2018 16:10
 -83.59882,10.33008,3341,26/06/2018 15:50,03/07/2018 16:10
 -84.20782,10.01858,3339,25/06/2018 09:20,02/07/2018 13:20
 -84.20312,10.01988,3343,25/06/2018 09:40,02/07/2018 13:00
 -84.20027,10.01837,3177,25/06/2018 10:00,02/07/2018 12:50
 -84.20600,10.00716,3331,25/06/2018 11:10,02/07/2018 12:40
 -84.20130,10.01179,3187,25/06/2018 11:30,02/07/2018 12:30
 -84.19566,10.01661,3176,25/06/2018 11:40,02/07/2018 12:20
 -84.19180,10.02263,3165,25/06/2018 12:10,03/07/2018 12:10
 -84.18740,10.02112,3179,25/06/2018 12:40,03/07/2018 12:00
 -84.19075,10.00339,3334,26/06/2018 11:10,03/07/2018 13:20
 -84.19056,10.00609,3190,26/06/2018 11:30,03/07/2018 13:30
 -84.19503,10.00428,3185,26/06/2018 11:50,03/07/2018 13:40
 -84.21905,10.01233,3172,26/06/2018 12:10,03/07/2018 13:10
 -84.22079,10.00966,3162,26/06/2018 12:50,04/07/2018 10:20
 -84.21992,10.00694,3161,26/06/2018 13:20,04/07/2018 10:40
 -84.21996,10.00212,3182,26/06/2018 13:30,04/07/2018 11:00
 -84.21930,10.01822,3188,02/07/2018 08:50,09/07/2018 14:40
 -84.22746,10.01426,3191,02/07/2018 09:20,09/07/2018 15:20
 -84.22115,10.00409,3193,02/07/2018 10:10,09/07/2018 15:10
 -84.22399,10.00409,3181,02/07/2018 10:30,09/07/2018 14:50
 -84.22241,09.99609,3178,02/07/2018 11:10,09/07/2018 15:30
 -84.23622,09.99166,3174,02/07/2018 11:50,09/07/2018 15:40
 -84.20999,10.02057,3176,03/07/2018 09:10,11/07/2018 10:40
 -84.21671,10.02536,3187,03/07/2018 09:30,11/07/2018 10:50
 -84.22639,10.01931,3339,03/07/2018 10:20,11/07/2018 11:00
 -84.24690,10.01607,3331,03/07/2018 11:00,11/07/2018 11:10
 -84.23961,10.01027,3343,03/07/2018 11:20,11/07/2018 11:20
 -84.24380,10.00728,3177,03/07/2018 11:50,11/07/2018 11:30
 -84.24574,10.03392,3179,04/07/2018 10:00,11/07/2018 11:40
 -84.25545,10.02589,3334,04/07/2018 10:20,11/07/2018 12:00
 -83.54121,10.12419,3337,02/07/2018 09:10,09/07/2018 13:40
 -83.54267,10.12755,3340,02/07/2018 09:20,09/07/2018 13:50
 -83.53271,10.13746,3170,02/07/2018 09:40,09/07/2018 14:00
 -83.52287,10.15309,3338,02/07/2018 10:00,09/07/2018 14:10
 -83.51289,10.15554,3195,02/07/2018 10:20,09/07/2018 14:20
 -83.51938,10.14656,3166,02/07/2018 11:00,09/07/2018 14:30
 -83.50621,10.10276,3335,02/07/2018 11:30,09/07/2018 15:00
 -83.50783,10.10597,3189,02/07/2018 11:50,09/07/2018 15:10
 -83.50906,10.11371,3163,02/07/2018 12:30,09/07/2018 15:30
 -83.51554,10.11861,3332,02/07/2018 12:50,09/07/2018 15:40
 -83.50409,10.09731,3333,03/07/2018 09:50,11/07/2018 09:50
 -83.50642,10.09819,3171,03/07/2018 10:10,11/07/2018 10:00
 -83.51010,10.09835,3168,03/07/2018 10:30,11/07/2018 10:10
 -83.51048,10.10271,3342,03/07/2018 11:00,11/07/2018 10:20
 -83.49986,10.10284,3183,03/07/2018 11:30,11/07/2018 10:30
 -83.50725,10.09502,3173,03/07/2018 12:00,11/07/2018 10:40
 -83.57414,10.09587,3180,09/07/2018 11:50,17/07/2018 17:10
 -83.57454,10.09684,3175,09/07/2018 12:10,17/07/2018 17:20
 -83.57341,10.09773,3164,09/07/2018 12:30,17/07/2018 17:25
 -83.57269,10.09845,3192,09/07/2018 12:50,17/07/2018 17:28
 -83.57297,10.10657,3182,09/07/2018 13:10,17/07/2018 17:30
 -83.57126,10.10811,3169,09/07/2018 13:30,17/07/2018 17:40
 -83.57895,09.84029,3170,10/07/2018 10:20,17/07/2018 13:10
 -83.58161,09.83951,3189,10/07/2018 10:50,17/07/2018 14:10
 -83.58448,09.83984,3195,10/07/2018 11:10,17/07/2018 13:50
 -83.58048,09.83900,3337,10/07/2018 11:40,17/07/2018 13:30
 -83.58224,09.83792,3340,10/07/2018 12:00,17/07/2018 13:40
 -83.58346,09.83825,3335,10/07/2018 12:20,17/07/2018 13:45
 -83.68646,09.90579,3338,10/07/2018 13:40,17/07/2018 14:30
 -83.68768,09.90946,3332,10/07/2018 14:10,17/07/2018 14:40
 -83.68839,09.90071,3166,10/07/2018 14:50,17/07/2018 13:00
 -84.24421,10.07746,3161,09/07/2018 11:00,16/07/2018 12:40
 -84.24527,10.08541,3330,09/07/2018 11:10,16/07/2018 12:50
 -84.24371,10.10087,3167,09/07/2018 11:30,16/07/2018 13:00
 -84.25030,10.07670,3184,09/07/2018 12:10,16/07/2018 13:10
 -84.25481,10.07168,3190,09/07/2018 12:30,16/07/2018 13:20
 -84.24771,10.06356,3186,09/07/2018 13:00,16/07/2018 13:30
 -84.24279,10.03255,3185,09/07/2018 13:50,17/07/2018 12:00
 -84.24071,10.03742,3165,09/07/2018 14:00,17/07/2018 12:20
 -84.23137,10.04389,3172,09/07/2018 14:20,17/07/2018 12:40
 -84.22646,10.04215,3341,09/07/2018 14:50,17/07/2018 12:50
 -84.21706,10.34415,3188,10/07/2018 10:10,18/07/2018 13:00
 -84.21907,10.34017,3162,10/07/2018 10:20,18/07/2018 13:10
 -84.21867,10.33740,3329,10/07/2018 10:40,18/07/2018 13:20
 -84.21257,10.34740,3194,10/07/2018 11:10,18/07/2018 13:30
 -84.04371,09.93684,3163,16/07/2018 10:00,23/07/2018 12:40
 -84.11820,10.00601,3176,16/07/2018 10:40,23/07/2018 12:50
 -84.12352,10.00243,3174,16/07/2018 11:10,23/07/2018 13:00
 -84.12465,09.99388,3334,16/07/2018 11:50,24/07/2018 09:40
 -84.11922,09.99184,3342,16/07/2018 12:30,23/07/2018 09:50
 -84.11655,09.99332,3187,16/07/2018 12:50,24/07/2018 10:10
 -84.11388,09.99329,3193,16/07/2018 13:20,24/07/2018 10:30
 -84.11197,10.00512,3178,16/07/2018 13:40,24/07/2018 10:50
 -84.11211,09.99147,3181,16/07/2018 14:10,24/07/2018 11:10
 -83.83956,09.78732,3338,18/07/2018 10:20,26/07/2018 09:20
 -83.84438,09.78350,3180,18/07/2018 10:40,26/07/2018 09:40
 -83.85168,09.78953,3169,18/07/2018 10:50,26/07/2018 10:00
 -83.85181,09.79221,3332,18/07/2018 11:20,26/07/2018 10:20
 -83.85583,09.79690,3192,18/07/2018 11:50,26/07/2018 10:40
 -83.85432,09.80111,3175,18/07/2018 12:10,26/07/2018 10:50
 -84.48717,10.08600,3177,16/07/2018 09:50,23/07/2018 14:40
 -84.49049,10.08351,3333,16/07/2018 10:10,23/07/2018 14:50
 -84.49168,10.07785,3183,16/07/2018 10:30,23/07/2018 14:55
 -84.49576,10.07508,3171,16/07/2018 10:50,23/07/2018 15:00
 -84.49992,10.07647,3179,16/07/2018 11:20,23/07/2018 15:05
 -84.50173,10.07649,3339,16/07/2018 11:40,23/07/2018 15:08
 -84.46830,10.09125,3343,17/07/2018 09:40,26/07/2018 09:05
 -84.47143,10.09223,3186,17/07/2018 10:00,26/07/2018 09:00
 -84.47655,10.09537,3167,17/07/2018 10:40,26/07/2018 08:55
 -84.47699,10.09219,3331,17/07/2018 11:00,26/07/2018 08:50
 -84.47725,10.09014,3190,17/07/2018 11:20,26/07/2018 08:45
 -84.47771,10.08657,3330,17/07/2018 12:00,26/07/2018 08:40
 -84.42391,10.05515,3165,18/07/2018 10:20,26/07/2018 09:30
 -84.42609,10.05511,3191,18/07/2018 10:40,26/07/2018 09:20
 -84.40712,10.07425,3341,18/07/2018 11:30,26/07/2018 08:20
 -84.12437,09.99718,3172,23/07/2018 09:00,30/07/2018 13:30
 -84.12355,09.99542,3170,23/07/2018 09:30,30/07/2018 13:40
 -84.11787,09.99300,3185,23/07/2018 10:10,30/07/2018 13:55
 -84.11588,09.99329,3168,23/07/2018 11:10,30/07/2018 13:58
 -84.12568,09.99236,3189,23/07/2018 11:40,30/07/2018 14:00
 -84.11661,09.99043,3340,23/07/2018 12:00,30/07/2018 14:20
 -84.11375,09.98989,3335,23/07/2018 12:20,30/07/2018 14:30
 -84.09833,10.01605,3173,24/07/2018 09:10,31/07/2018 12:00
 -84.09962,10.01610,3176,24/07/2018 09:40,31/07/2018 11:50
 -84.10065,10.01532,3337,24/07/2018 10:10,31/07/2018 11:40
 -84.41879,10.05778,3195,23/07/2018 10:50,30/07/2018 11:10
 -84.42005,10.05603,3194,23/07/2018 11:10,30/07/2018 11:20
 -84.42350,10.05621,3188,23/07/2018 11:30,30/07/2018 11:30
 -84.42496,10.06185,3184,23/07/2018 12:10,30/07/2018 12:10
 -84.43467,10.05587,3182,23/07/2018 12:50,31/07/2018 10:40
 -84.43675,10.05345,3162,23/07/2018 13:00,31/07/2018 10:50
 -84.43340,10.05269,3161,23/07/2018 13:20,31/07/2018 11:00
 -84.43094,10.05451,3329,23/07/2018 13:50,31/07/2018 11:10
 -84.43060,10.05195,3166,23/07/2018 14:20,31/07/2018 11:20
 -84.43041,10.05282,3164,23/07/2018 14:40,31/07/2018 11:30
 -84.10870,10.00136,3339,24/07/2018 11:40,06/08/2018 11:30
 -84.11847,09.99860,3177,24/07/2018 12:30,06/08/2018 11:00
 -84.12076,09.98122,3171,24/07/2018 12:50,06/08/2018 10:40
 -83.80153,09.82481,3342,26/07/2018 12:30,03/08/2018 11:30
 -84.42793,10.03995,3332,30/07/2018 10:00,07/08/2018 11:20
 -84.42499,10.04113,3191,30/07/2018 10:40,07/08/2018 11:30
 -84.42336,10.04514,3341,30/07/2018 10:50,07/08/2018 11:40
 -84.42283,10.04810,3180,30/07/2018 11:10,07/08/2018 11:45
 -84.43708,10.06832,3174,31/07/2018 10:00,07/08/2018 10:30
 -84.43569,10.06925,3338,31/07/2018 10:20,07/08/2018 10:50
 -84.43375,10.07318,3178,31/07/2018 10:50,07/08/2018 11:00
 -84.43165,10.07218,3192,31/07/2018 11:10,07/08/2018 11:10
 -84.31615,10.06991,3161,01/08/2018 09:00,08/08/2018 12:30
 -84.31468,10.07022,3182,01/08/2018 09:20,08/08/2018 12:25
 -84.31284,10.06773,3184,01/08/2018 09:40,08/08/2018 12:20
 -84.31125,10.06836,3194,01/08/2018 10:00,08/08/2018 12:10
 -84.18977,09.95081,3162,01/08/2018 11:20,08/08/2018 13:40
 -84.18761,09.95029,3329,01/08/2018 11:40,08/08/2018 13:50
 -84.08370,09.95785,3195,06/08/2018 08:20,13/08/2018 13:50
 -84.08511,09.95640,3170,06/08/2018 09:00,13/08/2018 14:00
 -84.09411,10.01803,3163,30/07/2018 10:10,07/08/2018 09:30
 -84.09926,10.01940,3193,30/07/2018 10:40,07/08/2018 09:50
 -84.10117,10.01774,3330,30/07/2018 11:00,07/08/2018 10:00
 -84.09771,10.01327,3181,30/07/2018 11:40,07/08/2018 10:20
 -84.12796,09.99068,3183,30/07/2018 12:30,07/08/2018 12:40
 -84.13181,09.98672,3334,30/07/2018 13:00,07/08/2018 12:50
 -84.13339,09.98944,3187,30/07/2018 13:20,07/08/2018 13:00
 -84.13584,09.99374,3169,30/07/2018 13:50,07/08/2018 13:10
 -84.13274,10.01012,3165,31/07/2018 10:20,08/08/2018 09:40
 -84.12726,10.00394,3186,31/07/2018 10:40,08/08/2018 09:50
 -84.12579,10.00562,3343,31/07/2018 10:50,08/08/2018 10:00
 -84.13877,10.00568,3190,31/07/2018 11:20,08/08/2018 10:20
 -84.13869,10.00362,3333,31/07/2018 11:40,08/08/2018 10:40
 -84.09315,09.99771,3175,31/07/2018 12:40,08/08/2018 09:00
 -84.09120,09.94560,3179,31/07/2018 13:00,08/08/2018 09:10
 -84.08717,09.95710,3189,06/08/2018 09:20,13/08/2018 14:10
 -84.08958,09.95826,3168,06/08/2018 09:50,13/08/2018 14:20
 -84.08938,09.95102,3176,06/08/2018 10:50,13/08/2018 14:30
 -84.08702,09.95636,3172,06/08/2018 11:40,13/08/2018 14:15
 -84.07678,09.95289,3185,06/08/2018 12:20,13/08/2018 14:50
 -84.06446,09.95991,3335,06/08/2018 13:30,13/08/2018 15:00
 -84.06329,09.96611,3331,06/08/2018 14:20,13/08/2018 15:10
 -84.07047,09.95572,3337,07/08/2018 09:20,14/08/2018 10:40
 -84.09616,09.99816,3181,07/08/2018 11:20,16/08/2018 10:10
 -84.09388,09.99495,3193,07/08/2018 11:50,16/08/2018 10:35
 -84.09173,09.99205,3330,07/08/2018 12:30,16/08/2018 10:40
 -84.09703,09.99822,3163,07/08/2018 13:00,16/08/2018 10:20
 -84.09789,09.99692,3183,08/08/2018 9:30,16/08/2018 10:30
 -84.24006,09.91140,3342,06/08/2018 13:40,14/08/2018 13:10
 -84.23991,09.90864,3173,06/08/2018 13:50,14/08/2018 13:20
 -84.24258,09.91121,3339,06/08/2018 14:20,14/08/2018 13:30
 -84.24643,09.91674,3177,06/08/2018 15:30,14/08/2018 13:40
 -84.24686,09.91521,3171,06/08/2018 15:50,14/08/2018 13:50
 -84.23981,09.91346,3164,06/08/2018 16:50,14/08/2018 14:00
 -84.13620,09.92594,3166,07/08/2018 13:30,16/08/2018 08:30
 -84.13459,09.93136,3167,07/08/2018 15:00,16/08/2018 08:40
 -84.13570,09.93128,3188,07/08/2018 15:20,16/08/2018 08:50
 -84.12460,09.93288,3340,07/08/2018 15:40,16/08/2018 09:00
 -84.12657,09.93378,3174,07/08/2018 16:00,16/08/2018 09:10
 -84.19118,09.95448,3341,08/08/2018 10:00,16/08/2018 09:30
 -84.18863,09.95511,3178,08/08/2018 14:00,16/08/2018 09:40
 -84.19144,09.95738,3338,08/08/2018 11:10,16/08/2018 10:00
 -84.18712,09.95669,3180,08/08/2018 11:30,16/08/2018 10:10
 -84.07390,09.96102,3184,13/08/2018 10:20,22/08/2018 12:40
 -84.07057,09.96732,3182,13/08/2018 10:50,22/08/2018 12:50
 -84.07916,09.96447,3329,13/08/2018 11:50,22/08/2018 13:00
 -84.08085,09.96732,3175,13/08/2018 12:40,22/08/2018 13:10
 -84.08595,09.96497,3161,13/08/2018 13:10,23/08/2018 10:30
 -84.08099,09.96176,3191,13/08/2018 13:30,23/08/2018 10:40
 -84.06829,09.95984,3332,13/08/2018 14:10,23/08/2018 11:10
 -84.06770,09.95921,3176,14/08/2018 11:40,23/08/2018 11:20
 -84.10576,09.99478,3335,14/08/2018 13:20,23/08/2018 8:50
 -84.10253,09.99333,3189,14/08/2018 13:50,23/08/2018 9:10
 -84.10239,09.96187,3168,14/08/2018 14:30,23/08/2018 8:10
 -84.10485,09.96149,3331,14/08/2018 15:10,23/08/2018 8:20
 -84.10425,09.95891,3172,14/08/2018 15:20,23/08/2018 8:30
 -84.07929,09.96012,3185,16/08/2018 10:20,23/08/2018 10:50
 -84.13335,09.90858,3186,13/08/2018 09:40,20/08/2018 13:50
 -84.13114,09.90614,3187,13/08/2018 10:00,20/08/2018 13:40
 -84.13367,09.90141,3333,13/08/2018 10:30,20/08/2018 13:30
 -84.14101,09.89920,3343,13/08/2018 11:00,20/08/2018 14:30
 -84.13741,09.91139,3179,13/08/2018 11:40,20/08/2018 13:55
 -84.13361,09.91416,3334,13/08/2018 12:20,20/08/2018 14:20
 -84.13274,09.93184,3162,14/08/2018 09:00,21/08/2018 12:10
 -84.14021,09.92738,3194,14/08/2018 09:30,21/08/2018 12:15
 -84.15309,09.93501,3169,14/08/2018 10:10,21/08/2018 12:30
 -84.15768,09.93751,3165,14/08/2018 11:00,21/08/2018 12:35
 -84.14398,09.92374,3190,14/08/2018 12:40,21/08/2018 12:50
 -84.13947,09.92286,3192,14/08/2018 13:00,21/08/2018 13:00
 -82.85281,09.62655,3330,20/08/2018 12:40,27/08/2018 16:00
 -82.85224,09.62652,3167,20/08/2018 12:50,27/08/2018 15:50
 -82.85451,09.62532,3173,20/08/2018 13:20,27/08/2018 16:10
 -82.84387,09.62410,3195,20/08/2018 14:50,27/08/2018 16:30
 -82.84660,09.62442,3337,20/08/2018 15:10,27/08/2018 16:20
 -82.85621,09.62212,3166,20/08/2018 15:30,27/08/2018 16:15
 -83.02891,09.99542,3341,21/08/2018 10:00,28/08/2018 13:10
 -83.02807,09.99872,3338,21/08/2018 10:20,28/08/2018 12:50
 -83.03247,09.99724,3188,21/08/2018 10:40,28/08/2018 12:30
 -83.03146,09.99363,3339,21/08/2018 11:00,28/08/2018 12:20
 -83.03289,09.99281,3170,21/08/2018 11:20,28/08/2018 14:40
 -83.03960,10.00631,3164,21/08/2018 13:40,28/08/2018 15:10
 -83.04459,09.98783,3340,21/08/2018 14:50,28/08/2018 15:20
 -84.10487,09.89251,3193,20/08/2018 10:50,29/08/2018 09:10
 -84.10630,09.88564,3342,20/08/2018 11:40,29/08/2018 09:20
 -84.10211,09.88757,3180,20/08/2018 12:10,28/08/2018 09:30
 -84.10275,09.88847,3183,20/08/2018 12:30,29/08/2018 09:40
 -84.10411,09.89025,3177,20/08/2018 12:50,29/08/2018 09:50
 -84.10323,09.89176,3181,20/08/2018 13:20,29/08/2018 10:00
 -84.14012,09.91752,3171,21/08/2018 11:00,28/08/2018 11:20
 -84.13830,09.91880,3178,21/08/2015 11:20,28/08/2018 11:40
 -84.13899,09.92220,3163,21/08/2018 11:50,28/08/2018 12:00
 -84.14155,09.92413,3174,21/08/2018 12:20,28/08/2018 12:20
 -84.10043,09.90147,3334,22/08/2018 10:00,29/08/2018 10:40
 -84.10088,09.90421,3192,22/08/2018 10:40,29/08/2018 11:00
 -84.10616,09.90592,3194,22/08/2018 12:30,29/08/2018 12:50
 -84.10999,09.91151,3169,22/08/2018 12:50,29/08/2018 13:10
 -84.11871,09.92176,3190,22/08/2018 13:40,29/08/2018 14:00
 -84.73019,10.09530,3162,27/08/2018 10:20,03/09/2018 16:25
 -84.72971,10.09706,3161,27/08/2018 10:40,03/09/2018 16:20
 -84.73207,10.09498,3168,27/08/2018 11:00,03/09/2018 16:30
 -84.73318,10.09241,3172,27/08/2018 11:20,03/09/2018 16:45
 -84.73297,10.08927,3191,27/08/2018 11:50,03/09/2018 17:10
 -84.72855,10.08939,3165,27/08/2018 12:10,03/09/2018 16:55
 -84.73061,10.08985,3186,27/08/2018 13:00,03/09/2018 17:00
 -84.72958,10.08971,3176,27/08/2018 13:30,03/09/2018 16:40
 -84.72906,10.09137,3187,27/08/2018 14:10,03/09/2018 16:50
 -84.72736,10.09487,3179,27/08/2018 14:20,03/09/2018 16:10
 -84.73088,10.09254,3343,27/08/2018 14:50,03/09/2018 16:35
 -84.73092,10.08441,3335,27/08/2018 15:20,03/09/2018 17:10
 -84.64347,09.97236,3333,28/08/2018 9:40,04/09/2018 13:00
 -84.63853,09.97309,3329,28/08/2018 10:10,04/09/2018 13:10
 -84.60727,09.98406,3339,03/09/2018 11:10,10/09/2018 13:10
 -84.60249,09.98821,3181,03/09/2018 11:40,10/09/2018 13:20
 -84.58813,09.99541,3174,03/09/2018 12:10,10/09/2018 13:30
 -84.57078,10.00150,3342,03/09/2018 12:40,10/09/2018 13:40
 -84.57126,10.00031,3334,03/09/2018 12:50,10/09/2018 13:50
 -84.57168,10.00709,3183,03/09/2018 13:10,10/09/2018 14:00
 -84.66608,09.99218,3180,03/09/2018 13:50,10/09/2018 14:20
 -84.66783,09.99312,3177,03/09/2018 14:10,10/09/2018 14:30
 -84.67079,09.99212,3190,03/09/2018 14:30,10/09/2018 15:00
 -84.67515,09.99212,3171,03/09/2018 15:10,10/09/2018 15:20
 -84.67756,09.99444,3164,03/09/2018 15:50,12/09/2018 08:50
 -83.34325,10.08946,3331,27/08/2018 10:30,04/09/2018 10:30
 -83.34152,10.08908,3182,27/08/2018 10:40,04/09/2018 10:40
 -83.34052,10.08653,3189,27/08/2018 11:10,04/09/2018 10:50
 -83.34210,10.08281,3332,27/08/2018 11:40,04/09/2018 11:00
 -83.28953,10.07595,3185,27/08/2018 12:30,04/09/2018 15:10
 -83.28685,10.07688,3184,27/08/2018 13:00,04/09/2018 15:30
 -83.28873,10.07802,3175,27/08/2018 13:30,04/09/2018 16:00
 -83.23076,10.03531,3166,28/08/2018 09:30,04/09/2018 12:00
 -83.23359,10.04746,3173,28/08/2018 09:50,04/09/2018 12:20
 -83.23328,10.06415,3337,28/08/2018 10:30,04/09/2018 12:50
 -83.22185,10.07272,3330,28/08/2018 10:50,04/09/2018 13:20
 -83.20982,10.07088,3167,28/08/2018 11:30,04/09/2018 13:30
 -83.24741,10.06313,3195,28/08/2018 11:50,04/09/2018 14:00
 -83.29140,10.07577,3338,28/08/2018 16:50,04/09/2018 16:50
 -83.29053,10.07552,3188,28/08/2018 17:00,04/09/2018 17:00
 -83.28908,10.07377,3170,28/08/2018 17:10,04/09/2018 17:10
 -84.67994,09.99367,3163,03/09/2018 16:10,12/09/2018 09:00
 -84.66732,09.98973,3162,04/09/2018 11:40,12/09/2018 09:10
 -84.66566,09.99396,3161,04/09/2018 13:20,12/09/2018 09:30
 -83.61369,09.96762,3169,03/09/2018 10:50,13/09/2018 11:00
 -83.61163,09.96836,3341,03/09/2018 11:10,13/09/2018 11:10
 -83.62390,09.95330,3178,03/09/2018 11:40,13/09/2018 11:20
 -83.61093,09.85182,3194,03/09/2018 13:20,13/09/2018 12:15
 -83.60950,09.85349,3193,03/09/2018 13:40,13/09/2018 12:00
 -83.61089,09.85288,3192,03/09/2018 14:00,13/09/2018 12:10
 -83.61201,09.85364,3340,03/09/2018 14:20,13/09/2018 12:20
 -83.86405,09.83596,3182,05/09/2018 10:50,12/09/2018 15:50
 -83.86443,09.83635,3332,05/09/2018 11:10,12/09/2018 15:55
 -83.86272,09.83705,3188,05/09/2018 11:40,12/09/2018 16:05
 -83.86373,09.83716,3195,05/09/2018 12:00,12/09/2018 16:00
 -83.86765,09.83697,3331,05/09/2018 12:30,12/09/2018 16:10
 -83.87081,09.83646,3167,05/09/2018 12:50,12/09/2018 16:20
 -83.87021,09.83763,3170,05/09/2018 13:40,12/09/2018 16:15
 -83.90567,09.87120,3329,11/09/2018 9:40,18/09/2018 11:40
 -83.90601,09.86800,3185,11/09/2018 9:50,18/09/2018 12:00
 -83.90378,09.86550,3184,11/09/2018 10:20,18/09/2018 12:20
 -83.89897,09.86983,3335,11/09/2018 10:50,19/09/2018 10:50
 -83.89905,09.87528,3333,11/09/2018 11:30,19/09/2018 11:00
 -83.90266,09.87208,3191,11/09/2018 11:50,19/09/2018 11:10
 -83.90242,09.87093,3176,11/09/2018 12:20,19/09/2018 11:20
 -83.90509,09.86862,3165,11/09/2018 12:30,19/09/2018 11:30
 -83.86737,09.84019,3338,12/09/2018 9:50,20/09/2018 9:50
 -83.86758,09.83763,3187,12/09/2018 10:10,20/09/2018 10:20
 -83.86441,09.84150,3175,12/09/2018 10:50,20/09/2018 10:40
 -83.86837,09.84042,3189,12/09/2018 11:20,20/09/2018 11:00
 -83.87950,09.84160,3166,12/09/2018 11:50,20/09/2018 11:10
 -84.64159,10.03109,3179,10/09/2018 9:50,18/09/2018 14:20
 -84.63802,10.02989,3330,10/09/2018 10:20,18/09/2018 14:25
 -84.66496,09.99068,3172,10/09/2018 10:50,18/09/2018 14:40
 -84.66585,09.99336,3186,10/09/2018 11:50,18/09/2018 14:50
 -84.66373,09.99390,3168,10/09/2018 12:10,18/09/2018 14:55
 -84.65933,09.99683,3337,10/09/2018 12:30,18/09/2018 15:00
 -84.84794,09.97581,3190,11/09/2018 10:30,18/09/2018 16:35
 -84.84856,09.97746,3174,11/09/2018 10:50,18/09/2018 16:30
 -84.83846,09.97779,3181,11/09/2018 11:30,18/09/2018 16:00
 -84.83369,09.97844,3171,11/09/2018 12:10,18/09/2018 15:50
 -84.83829,09.97784,3342,11/09/2018 12:30,18/09/2018 15:55
 -84.84005,09.97752,3334,11/09/2018 13:00,18/09/2018 16:10
 -84.83946,09.97629,3177,11/09/2018 13:20,18/09/2018 16:20
 -84.83697,09.97616,3183,11/09/2018 13:50,18/09/2018 16:25
 -84.83242,09.97639,3180,11/09/2018 15:00,18/09/2018 15:40
 -84.83036,09.97668,3339,11/09/2018 15:10,18/09/2018 15:30
 -84.33966,10.08315,3194,18/09/2018 11:40,25/09/2018 12:30
 -84.33836,10.08462,3332,18/09/2018 11:50,25/09/2018 12:40
 -84.34212,10.08221,3164,18/09/2018 12:20,25/09/2018 12:50
 -84.34289,10.08047,3343,18/09/2018 12:30,25/09/2018 13:00
 -84.34481,10.07649,3167,18/09/2018 12:50,25/09/2018 13:10
 -84.34535,10.07178,3193,18/09/2018 13:10,25/09/2018 13:20
 -84.34475,10.09023,3182,18/09/2018 13:20,25/09/2018 13:30
 -84.34525,10.09191,3161,18/09-2018 13:40,25/09/2018 13:50
 -84.73753,09.97766,3174,19/09/2018 10:00,27/09/2018 8:20
 -84.73309,09.98109,3195,19/09/2018 10:40,27/09/2018 8:30
 -84.72057,09.98034,3168,19/09/2018 11:10,27/09/2018 8:40
 -84.72046,09.98245,3183,19/09/2018 11:20,27/09/2018 8:50
 -84.71183,09.98953,3172,19/09/2018 11:50,27/09/2018 9:00
 -84.73434,09.98352,3179,19/09/2018 12:20,27/09/2018 9:10
 -84.73648,09.97793,3180,19/09/2018 12:50,27/09/2018 9:20
 -83.91462,09.87262,3192,18/09/2018 8:50,25/09/2018 12:50
 -83.91290,09.87439,3163,18/09/2018 9:20,25/09/2018 13:00
 -83.91146,09.87479,3170,18/09/2018 10:10,25/09/2018 13:05
 -83.90900,09.87512,3188,18/09/2018 10:30,25/09/2018 13:10
 -83.90924,09.87198,3341,18/09/2018 10:50,25/09/2018 13:15
 -83.91054,09.87020,3340,18/09/2018 11:40,25/09/2018 13:20
 -83.91647,09.86774,3331,18/09/2018 12:10,25/09/2018 13:25
 -83.91203,09.83541,3162,19/09/2018 8:30,26/09/2018 14:00
 -83.91328,09.84126,3184,19/09/2018 9:20,26/09/2018 13:50
 -83.91840,09.84251,3169,19/09/2018 9:40,26/09/2018 13:40
 -83.92159,09.84015,3185,19/09/2018 10:10,26/09/2018 13:35
 -83.92313,09.84528,3178,19/09/2018 10:40,26/09/2018 13:30
 -83.92551,09.84774,3329,19/09/2018 11:00,26/09/2018 13:20
 -84.02784,09.88832,3165,20/09/2018 8:50,27/09/2018 10:40
 -84.01069,09.89246,3335,20/09/2018 9:20,27/09/2018 10:55
 -84.12624,09.95545,3166,24/09/2018 9:20,01/10/2018 13:20
 -84.13522,09.95360,3191,24/09/2018 10:10,01/10/2018 13:30
 -84.13573,09.95200,3190,24/09/2018 10:50,01/10/2018 13:40
 -84.14100,09.95187,3186,24/09/2018 11:20,01/10/2018 13:50
 -84.13738,09.94635,3176,24/09/2018 12:00,01/10/2018 14:00
 -84.13535,09.94486,3189,24/09/2018 12:20,01/10/2018 14:10
 -84.23520,09.89888,3333,24/09/2018 13:40,02/10/2018 14:20
 -84.34430,10.09312,3175,25/09/2018 10:50,04/10/2018 11:10
 -84.34297,10.09204,3187,25/09/2018 11:10,04/10/2018 11:40
 -84.34534,10.09354,3334,25/09/2018 11:40,04/10/2018 11:20
 -84.34293,10.09611,3338,25/09/2018 12:20,04/10/2018 11:30
 -84.13430,09.94330,3182,26/09/2018 9:20,04/10/2018 13:25
 -84.13247,09.94015,3161,26/09/2018 9:40,04/10/2018 13:50
 -84.12933,09.94145,3194,26/09/2018 10:10,04/10/2018 14:00
 -84.13577,09.93996,3193,26/09/2018 11:10,04/10/2018 13:40
 -84.13834,09.94195,3332,26/09/2018 11:30,04/10/2018 13:10
 -84.13663,09.94290,3343,26/09/2018 11:50,04/10/2018 13:20
 -83.92428,09.86776,3181,25/09/2018 10:20,02/10/2018 11:30
 -83.91352,09.86323,3177,25/09/2018 11:00,02/10/2018 11:40
 -83.91762,09.86408,3171,25/09/2018 11:30,02/10/2018 12:30
 -83.91891,09.86813,3337,25/09/2018 11:50,02/10/2018 12:50
 -83.91964,09.86203,3342,25/09/2018 12:20,02/10/2018 13:00
 -83.92324,09.86197,3339,25/09/2018 12:40,02/10/2018 13:20
 -83.92170,09.86956,3330,25/09/2018 13:10,02/10/2018 14:00
 -84.02985,09.90018,3341,26/09/2018 11:20,04/10/2018 7:40
 -84.02595,09.90112,3192,26/09/2018 11:50,04/10/2018 7:50
 -84.02445,09.90151,3331,26/09/2018 12:10,04/10/2018 8:00
 -84.02297,09.89767,3170,26/09/2018 13:30,04/10/2018 8:10
 -84.02331,09.89053,3163,26/09/2018 13:00,04/10/2018 8:20
 -84.03909,09.90534,3340,27/09/2018 10:50,04/10/2018 11:00
 -84.03400,09.91449,3172,01/10/2018 9:20,08/10/2018 14:05
 -84.04344,09.91074,3184,01/10/2018 10:10,08/10/2018 14:00
 -84.04202,09.91055,3195,01/10/2018 10:30,08/10/2018 13:50
 -84.04018,09.91898,3329,01/10/2018 11:20,08/10/2018 14:10
 -84.04306,09.92167,3169,01/10/2018 11:50,08/10/2018 14:20
 -84.02830,09.91847,3185,01/10/2018 12:10,08/10/2018 13:30
 -84.01807,09.93522,3168,01/10/2018 13:00,09/10/2018 13:40
 -84.09837,09.89873,3167,02/10/2018 8:10,10/10/2018 13:50
 -84.10072,09.90362,3164,02/10/2018 8:50,10/10/2018 14:00
 -84.11097,09.90225,3183,02/10/2018 11:00,10/10/2018 14:10
 -84.03531,09.91546,3330,04/10/2018 10:40,11/10/2018 11:30
 -84.03233,09.91364,3177,10/10/2018 9:00,18/10/2018 15:40
 -84.02472,09.92011,3342,10/10/2018 9:20,18/10/2018 16:00
 -84.03497,09.91423,3181,10/10/2018 9:40,18/10/2018 15:50
 -84.08920,09.93268,3335,01/10/2018 10:00,08/10/2018 12:30
 -84.09149,09.93147,3188,01/10/2018 10:30,08/10/2018 12:40
 -84.09379,09.93328,3162,01/10/2018 10:50,08/10/2018 12:50
 -84.09762,09.92717,3179,01/10/2018 11:40,08/10/2018 13:00
 -84.09383,09.92344,3165,01/10/2018 12:20,08/10/2018 13:20
 -84.08607,09.92127,3180,01/10/2018 13:20,08/10/2018 13:50
 -84.07214,09.92794,3174,02/10/2018 10:20,09/10/2018 11:50
 -84.06951,09.92502,3178,02/10/2018 10:40,09/10/2018 12:00
 -84.07102,09.92193,3189,02/10/2018 10:50,09/10/2018 12:10
 -84.07326,09.92156,3176,02/10/2018 11:10,09/10/2018 12:20
 -84.07549,09.92184,3190,02/10/2018 11:30,09/10/2018 12:30
 -84.07848,09.92240,3186,02/10/2018 12:00,09/10/2018 13:00
 -84.08766,09.94277,3333,04/10/2018 9:30,11/10/2018 10:50
 -84.08968,09.93800,3191,04/10/2018 10:10,16/10/2018 8:000
 -84.09346,09.93756,3166,04/10/2018 10:40,11/10/2018 11:50
 -84.06855,09.95228,3171,08/10/2018 9:20,16/10/2018 12:50
 -84.07074,09.95108,3175,08/10/2018 9:50,16/10/2018 12:45
 -84.06936,09.95063,3194,08/10/2018 10:20,16/10/2018 12:40
 -84.06783,09.95050,3193,08/10/2018 10:40,16/10/2018 12:30
 -84.06693,09.95350,3332,08/10/2018 11:20,16/10/2018 12:20
 -84.06323,09.94712,3334,08/10/2018 12:00,16/10/2018 12:10
 -84.05362,09.94880,3188,09/10/2018 9:20,17/10/2018 14:10
 -84.05187,09.94879,3179,09/10/2018 9:40,17/10/2018 14:15
 -84.05107,09.94990,3165,09/10/2018 10:10,17/10/2018 14:20
 -84.04981,09.95253,3162,09/10/2018 10:30,17/10/2018 14:30
 -84.04909,09.94714,3180,09/10/2018 10:50,17/10/2018 14:50
 -84.05616,09.94665,3335,09/10/2018 11:40,17/10/2018 15:10
 -84.05045,09.94736,3338,10/10/2018 10:30,17/10/2018 15:00
 -84.04834,09.95269,3187,10/10/2018 11:20,17/10/2018 14:35
 -84.08457,09.87774,3167,11/10/2018 11:20,18/10/2018 14:00
 -84.09318,09.86467,3192,08/10/2018 10:00,16/10/2018 12:40
 -84.09495,09.86610,3340,08/10/2018 10:20,16/10/2018 12:50
 -84.10571,09.87286,3341,08/10/2018 11:20,16/10/2018 13:00
 -84.09805,09.87211,3182,08/10/2018 12:00,16/10/2018 13:10
 -84.09356,09.86618,3336,08/10/2018 12:30,16/10/2018 13:20
 -84.09116,09.86831,3170,08/10/2018 12:50,16/10/2018 13:30
 -84.08912,09.86874,3331,08/10/2018 13:10,16/10/2018 14:00
 -84.08921,09.86118,3163,08/10/2018 13:40,16/10/2018 14:20
 -84.04602,09.86750,3329,09/10/2018 12:30,17/10/2018 7:50
 -84.05302,09.86525,3169,09/10/2018 12:50,17/10/2018 8:00
 -84.05777,09.86559,3172,09/10/2018 13:20,17/10/2018 8:20
 -84.06025,09.86718,3184,10/10/2018 11:10,17/10/2018 12:30
 -84.05984,09.86894,3168,10/10/2018 11:40,17/10/2018 12:50
 -84.07619,09.88243,3185,10/10/2018 14:00,18/10/2018 13:00
 -84.08328,09.87607,3164,11/10/2018 13:30,18/10/2018 13:20
 -84.08827,09.87395,3183,11/10/2018 10:50,18/10/2018 13:40
 -84.18130,09.92991,3166,16/10/2018 9:20,23/10/2018 10:50
 -84.18640,09.93867,3337,16/10/2018 10:10,23/10/2018 11:10
 -84.18583,09.94057,3330,16/10/2018 10:30,23/10/2018 11:30
 -84.18409,09.92963,3333,16/10/2018 11:10,23/10/2018 11:40
 -84.18291,09.93080,3161,16/10/2018 11:30,23/10/2018 11:50
 -84.18635,09.93148,3339,16/10/2018 12:10,23/10/2018 12:10
 -83.99908,09.92135,3182,17/10/2018 9:40,24/10/2018 11:50
 -83.99509,09.92548,3191,17/10/2018 10:10,24/10/2018 12:10
 -83.98978,09.92708,3340,17/10/2018 10:20,24/10/2018 12:20
 -84.00020,09.92713,3336,17/10/2018 11:10,24/10/2018 12:30
 -84.00261,09.92732,3341,17/10/2018 11:30,24/10/2018 12:40
 -84.04280,09.94830,3184,18/10/2018 10:00,25/10/2018 13:10
 -84.04007,09.94667,3169,18/10/2018 10:20,25/10/2018 13:00
 -84.04250,09.94600,3329,18/10/2018 10:50,25/10/2018 12:50
 -84.04922,09.94253,3168,18/10/2018 11:30,25/10/2018 12:40
 -84.04691,09.93628,3172,18/10/2018 12:30,25/10/2018 12:30
 -83.99250,09.96027,3174,16/10/2018 11:30,23/10/2018 12:50
 -83.99152,09.95819,3178,16/10/2018 12:10,23/10/2018 13:00
 -84.03223,09.95222,3193,17/10/2018 11:30,26/10/2018 8:30
 -84.03442,09.95168,3175,17/10/2018 12:00,26/10/2018 8:40
 -84.02261,09.95358,3194,17/10/2018 13:20,26/10/2018 8:50
 -84.02638,09.94947,3171,17/10/2018 14:10,26/10/2018 9:00
 -84.05579,09.94733,3176,18/10/2018 10:50,26/10/2018 10:30
 -84.05490,09.94520,3179,18/10/2018 11:00,26/10/2018 11:10
 -84.03577,09.95174,3187,18/10/2018 11:50,26/10/2018 9:10
 -84.03048,09.94955,3188,18/10/2018 12:10,26/10/2018 9:20
 -84.00427,09.95495,3190,18/10/2018 12:50,26/10/2018 9:30
 -84.00732,09.96574,3186,18/10/2018 13:20,26/10/2018 9:40
 -84.02364,09.96632,3332,18/10/2018 14:00,26/10/2018 9:50
 -84.03979,09.95767,3189,18/10/2018 14:30,26/10/2018 10:00
 -84.05186,09.94861,3334,18/10/2018 15:20,26/10/2018 10:10
 -84.05473,09.94710,3180,18/10/2018 15:40,26/10/2018 10:20
 -84.02031,09.96474,3162,22/10/2018 9:10,29/10/2018 14:10
 -84.02488,09.96544,3163,22/10/2018 9:30,29/10/2018 14:20
 -84.02238,09.96216,3183,22/10/2018 10:10,29/10/2018 14:30
 -84.01822,09.96312,3343,22/10/2018 10:30,29/10/2018 14:35
 -84.01736,09.96110,3164,22/10/2018 11:10,29/10/2018 14:40
 -84.01022,09.96729,3338,22/10/2018 11:40,29/10/2018 14:50
 -84.04638,09.96292,3185,23/10/2018 11:30,01/11/2018 14:00
 -84.04092,09.96452,3170,23/10/2018 11:50,01/11/2018 13:50
 -84.04028,09.97025,3335,23/10/2018 12:30,01/11/2018 15:10
 -84.03595,09.95839,3182,25/10/2018 9:40,01/11/2018 14:20
 -84.03522,09.95607,3337,25/10/2018 10:10,01/11/2018 14:30
 -84.02848,09.95489,3166,25/10/2018 10:40,01/11/2018 14:50
 -84.03301,09.95999,3341,25/10/2018 11:40,01/11/2018 14:40
 -84.03975,09.96154,3336,25/10/2018 12:20,01/11/2018 14:10
 -84.04460,09.95047,3339,25/10/2018 14:00,01/11/2018 15:00
 -84.21662,09.92728,3342,22/10/2018 11:30,29/10/2018 12:00
 -84.21499,09.92937,3165,22/10/2018 12:20,29/10/2018 12:40
 -84.21928,09.92819,3331,22/10/2018 12:50,29/10/2018 12:50
 -84.22073,09.92249,3177,22/10/2018 13:20,29/10/2018 13:20
 -84.22010,09.92651,3181,22/10/2018 13:50,29/10/2018 13:50
 -84.21708,09.92507,3167,22/10/2018 14:30,29/10/2018 14:30
 -84.03764,09.93613,3161,24/10/2018 9:50,01/11/2018 11:00
 -84.04064,09.94407,3192,24/10/2018 11:00,01/11/2018 11:10
 -84.03978,09.94478,3178,24/10/2018 11:10,01/11/2018 11:20
 -84.03545,09.94152,3333,24/10/2018 11:40,01/11/2018 11:30
 -84.03472,09.93665,3174,24/10/2018 13:30,01/11/2018 11:40
 -84.03212,09.93791,3330,24/10/2018 14:10,01/11/2018 11:50
 -84.04591,09.92874,3340,25/10/2018 11:20,01/11/2018 12:30
 -84.04223,09.93013,3191,25/10/2018 12:40,01/11/2018 12:50
 -84.01585,09.93940,3189,29/10/2018 8:20,05/11/2018 15:10
 -84.01592,09.94164,3176,29/10/2018 8:50,05/11/2018 15:15
 -84.01792,09.94353,3180,29/10/2018 9:20,05/11/2018 15:20
 -84.02380,09.93921,3179,29/10/2018 10:10,05/11/2018 15:25
 -84.02438,09.93882,3190,29/10/2018 10:30,05/11/2018 15:30
 -84.02594,09.93806,3332,29/10/2018 11:00,05/11/2018 15:40
 -84.03777,09.94778,3177,30/10/2018 11:10,07/11/2018 13:05
 -84.03931,09.94653,3342,30/10/2018 11:50,07/11/2018 13:00
 -84.02858,09.93941,3167,30/10/2018 13:00,09/11/2018 13:15
 -84.03455,09.94191,3331,30/10/2018 14:10,07/11/2018 13:10
 -84.02858,09.94013,3181,30/10/2018 15:10,07/11/2018 13:20
 -84.07237,09.93009,3168,31/10/2018 9:40,07/11/2018 12:20
 -84.07209,09.92791,3165,31/10/2018 10:00,07/11/2018 12:30
 -84.07508,09.92279,3184,31/10/2018 11:00,07/11/2018 12:40
 -84.01485,09.94322,3334,31/10/2018 14:10,07/11/2018 14:20
 -84.04724,09.95882,3187,29/10/2018 11:40,05/11/2018 13:20
 -84.03577,09.96625,3175,29/10/2018 12:10,05/11/2018 13:30
 -84.03288,09.97255,3169,29/10/2018 12:30,05/11/2018 13:40
 -84.03204,09.97753,3186,29/10/2018 12:50,05/11/2018 13:50
 -84.03919,09.96846,3188,29/10/2018 13:40,05/11/2018 14:20
 -84.04192,09.96978,3162,30/10/2018 11:50,06/11/2018 13:00
 -84.03358,09.96515,3338,30/10/2018 12:30,06/11/2018 13:30
 -84.03280,09.98404,3183,30/10/2018 13:30,06/11/2018 13:40
 -.84.03083,09.98405 ,3194,30/10/2018 14:10,06/11/2018 14:10
 -84.02086,09.98537,3164,01/11/2018 13:50,08/11/2018 14:10
 -84.04224,09.95747,3172,01/11/2018 10:10,08/11/2018 12:30
 -84.03968,09.96377,3193,01/11/2018 10:40,08/11/2018 12:40
 -84.03179,09.97361,3329,01/11/2018 11:30,08/11/2018 12:50
 -84.02975,09.97504,3343,01/11/2018 12:20,08/11/2018 13:20
 -84.94395,09.96335,3163,01/11/2018 12:30,08/11/2018 13:50
 -84.01262,09.97128,3178,05/11/2018 9:20,12/11/2018 11:10
 -84.00340,09.97218,3340,05/11/2018 10:30,12/11/2018 11:30
 -84.00034,09.97578,3174,05/11/2018 10:50,12/11/2018 11:40
 -84.01070,09.97650,3161,05/11/2018 12:10,12/11/2018 12:50
 -84.00860,09.97259,3192,05/11/2018 12:30,12/11/2018 13:00
 -84.00906,09.97603,3330,05/11/2018 13:20,12/11/2018 13:20
 -84.06983,09.92517,3187,06/11/2018 9:30,15/11/2018 13:10
 -84.06799,09.92521,3333,06/11/2018 9:50,15/11/2018 13:15
 -84.07253,09.92653,3175,06/11/2018 10:30,15/11/2018 13:20
 -84.07645,09.92709,3188,06/11/2018 10:50,15/11/2018 13:30
 -84.08089,09.92731,3337,06/11/2018 11:20,15/11/2018 13:40
 -84.08043,09.92891,3183,07/11/2018 10:00,15/11/2018 13:45
 -84.08584,09.92864,3162,07/11/2018 10:30,15/11/2018 13:55
 -84.08873,09.93210,3194,07/11/2018 12:00,15/11/2018 14:05
 -84.09364,09.93666,3338,07/11/2018 12:30,15/11/2018 14:25
 -83.98966,09.97968,3335,05/11/2018 11:20,15/11/2018 11:40
 -83.97967,09.98378,3336,05/11/2018 12:20,15/11/2018 11:50
 -83.98915,09.98222,3339,05/11/2018 13:20,15/11/2018 11:55
 -83.99397,09.98197,3185,05/11/2018 13:50,15/11/2018 12:05
 -83.99715,09.97908,3170,05/11/2018 14:20,15/11/2018 12:15
 -83.99924,09.98516,3182,05/11/2018 14:50,15/11/2018 12:20
 -84.08382,09.92022,3166,06/11/2018 10:40,15/11/2018 14:50
 -84.08813,09.90760,3186,06/11/2018 11:10,15/11/2018 15:00
 -84.09163,09.90689,3189,06/11/2018 11:30,15/11/2018 15:20
 -84.09712,09.91756,3190,06/11/2018 12:00,15/11/2018 15:50
 -84.10880,09.93110,3176,06/11/2018 12:50,16/11/2018 13:10
 -84.11210,09.93706,3169,06/11/2018 13:20,16/11/2018 13:20
 -84.06738,09.93686,3179,07/11/2018 11:30,19/11/2018 12:50
 -84.06730,09.93797,3180,07/11/2018 12:10,19/11/2018 13:00
 -84.06824,09.93794,3332,07/11/2018 12:30,19/11/2018 13:30
 -83.93607,09.85734,3181,12/11/2018 8:00,20/11/2018 11:10
 -83.94197,09.85150,3193,12/11/2018 8:40,20/11/2018 11:20
 -83.94289,09.85520,3329,12/11/2018 9:20,20/11/2018 11:30
 -83.94206,09.85725,3334,12/11/2018 9:40,20/11/2018 11:40
 -83.93874,09.85740,3164,12/11/2018 10:00,20/11/2018 11:45
 -83.93352,09.86229,3331,12/11/2018 10:20,20/11/2018 11:50
 -84.32009,09.95520,3174,15/11/2018 10:30,23/11/2018 7:10
 -84.32191,09.95837,3192,15/11/2018 11:00,23/11/2018 7:15
 -84.32434,09.95487,3330,15/11/2018 11:20,23/11/2018 7:20
 -84.32760,09.95777,3161,15/11/2018 11:50,23/11/2018 7:30
 -84.37025,09.86961,3178,15/11/2018 13:50,23/11/2018 8:30
 -84.07774,09.91412,3186,16/11/2018 9:50,23/11/2018 14:20
 -84.08342,09.90841,3166,16/11/2018 10:20,23/11/2018 14:30
 -84.08588,09.90735,3189,16/11/2018 10:40,23/11/2018 14:40
 -84.08414,09.94256,3190,16/11/2018 12:50,23/11/2018 15:10
 -84.08764,09.94236,3340,16/11/2018 13:30,23/11/2018 15:20
 -83.68262,09.90561,3342,12/11/2018 12:00,22/11/2018 10:00
 -83.68267,09.90654,3165,12/11/2018 12:20,22/11/2018 10:10
 -83.68243,09.91186,3177,12/11/2018 12:30,22/11/2018 10:20
 -83.68999,09.91193,3184,12/11/2018 13:10,22/11/2018 10:30
 -84.00723,09.97679,3168,11/11/2018 9:50,22/11/2018 12:50
 -84.00861,09.97981,3343,15/11/2018 10:10,22/11/2018 13:00
 -84.01387,09.98279,3167,15/11/2018 10:40,22/11/2018 13:10
 -84.01970,09.97744,3172,15/11/2018 11:10,22/11/2018 13:30
 -84.02419,09.97350,3171,15/11/2018 11:40,22/11/2018 13:50
 -84.25744,09.96487,3187,16/11/2018 9:50,23/11/2018 10:30
 -84.26378,09.97069,3337,16/11/2018 10:30,23/11/2018 10:50
 -84.26260,09.96904,3333,16/11/2018 10:50,23/11/2018 11:00
 -84.26167,09.96720,3175,16/11/2018 11:10,23/11/2018 11:10
 -84.26211,09.97028,3188,16/11/2018 11:40,23/11/2018 11:40
 -83.68378,09.90632,3341,12/11/2018 11:30,22/11/2018 9:50
 -84.08696,09.94020,3176,19/11/2018 10:10,27/11/2018 10:30
 -84.09544,09.93866,3162,19/11/2018 11:00,27/11/2018 10:50
 -84.10104,09.93985,3183,19/11/2018 11:40,27/11/2018 11:10
 -84.11227,09.93670,3194,19/11/2018 14:30,27/11/2018 11:30
 -84.07471,09.92356,3169,19/11/2018 15:30,27/11/2018 12:10
N09.9622 O84.27046,09.9622,3182,20/11/2018 8:50,27/11/2018 13:30
 -84.01620,09.96945,3170,19/11/2018 10:10,26/11/2018 11:30
 -84.01008,09.97573,3185,19/11/2018 10:40,26/11/2018 12:40
 -83.99186,09.97964,3335,19/11/2018 11:20,26/11/2018 12:50
 -83.98402,09.97965,3339,19/11/2018 11:40,26/11/2018 13:30
 -83.97206,09.98292,3336,19/11/2018 12:00,26/11/2018 13:10
 -84.04223,09.93013,3179,21/11/2018 9:40,28/11/2018 10:50
 -84.04513,09.96273,3180,21/11/2018 10:40,28/11/2018 11:20
Evaluation Only. Created with Aspose.Cells for Python via Java.Copyright 2003 - 2022 Aspose Pty Ltd.